"HITId","HITTypeId","Title","Description","Keywords","Reward","CreationTime","MaxAssignments","RequesterAnnotation","AssignmentDurationInSeconds","AutoApprovalDelayInSeconds","Expiration","NumberOfSimilarHITs","LifetimeInSeconds","AssignmentId","WorkerId","AssignmentStatus","AcceptTime","SubmitTime","AutoApprovalTime","ApprovalTime","RejectionTime","RequesterFeedback","WorkTimeInSeconds","LifetimeApprovalRate","Last30DaysApprovalRate","Last7DaysApprovalRate","Input.time","Input.image_url","Answer.author","Answer.bitly","Answer.cover","Answer.quote","Answer.title","Approve","Reject"
"21ICOK2JE1MCANV3F6N6ZZAC1UWUNW","2DDUDD8XMB3VOCAU5LLTZ6T4EW9PE8","Find time stamps in narrative books/novels using Advanced Google Book Search","Use Google Book Search to find 60 time stamps in novels and narrative nonfiction and report author, title, sentences, create a bitly link and image source URL","data collection, books, google search, time stamps","$0.20","Sat Mar 01 17:23:36 GMT 2014","1","BatchId:1437442;","300","172800","Sat Mar 01 17:48:15 GMT 2014","","","22O1VP9746OVMVYKKMH6I051VTU0K3","A33UJ3SXS0H7SH","Approved","Sat Mar 01 17:48:55 GMT 2014","Sat Mar 01 17:49:54 GMT 2014","Mon Mar 03 09:49:54 PST 2014","Sat Mar 01 12:23:33 PST 2014","","","59","100% (220/220)","100% (220/220)","100% (46/46)","7:37","https://www.diigo.com/item/p/qqpcbpqzcaasoposbzbcspqpcs","Robert Zimmerman","http://bit.ly/1oevJXx","data:image/jpg;base64,/9j/4AAQSkZJRgABAQEADAAMAAD/2wBDAAMCAgMCAgMDAwMEAwMEBQgFBQQEBQoHBwYIDAoMDAsKCwsNDhIQDQ4RDgsLEBYQERMUFRUVDA8XGBYUGBIUFRT/2wBDAQMEBAUEBQkFBQkUDQsNFBQUFBQUFBQUFBQUFBQUFBQUFBQUFBQUFBQUFBQUFBQUFBQUFBQUFBQUFBQUFBQUFBT/wAARCABOADADAREAAhEBAxEB/8QAHwAAAQUBAQEBAQEAAAAAAAAAAAECAwQFBgcICQoL/8QAtRAAAgEDAwIEAwUFBAQAAAF9AQIDAAQRBRIhMUEGE1FhByJxFDKBkaEII0KxwRVS0fAkM2JyggkKFhcYGRolJicoKSo0NTY3ODk6Q0RFRkdISUpTVFVWV1hZWmNkZWZnaGlqc3R1dnd4eXqDhIWGh4iJipKTlJWWl5iZmqKjpKWmp6ipqrKztLW2t7i5usLDxMXGx8jJytLT1NXW19jZ2uHi4+Tl5ufo6erx8vP09fb3+Pn6/8QAHwEAAwEBAQEBAQEBAQAAAAAAAAECAwQFBgcICQoL/8QAtREAAgECBAQDBAcFBAQAAQJ3AAECAxEEBSExBhJBUQdhcRMiMoEIFEKRobHBCSMzUvAVYnLRChYkNOEl8RcYGRomJygpKjU2Nzg5OkNERUZHSElKU1RVVldYWVpjZGVmZ2hpanN0dXZ3eHl6goOEhYaHiImKkpOUlZaXmJmaoqOkpaanqKmqsrO0tba3uLm6wsPExcbHyMnK0tPU1dbX2Nna4uPk5ebn6Onq8vP09fb3+Pn6/9oADAMBAAIRAxEAPwDsP2l7zwBY+CviN8ObvRfDOiTeGvCNlqmhXk0qQ3dzcmS4AjjUkbsC2RflGT5hB61zWS6Gqet7nU+KdV8OQftlfCj4dJ4B0SDTZ9JuNYnnVCXmc286CMrjG0FQ31pNK2wruzdy/wCLdL8LW3hz4sX1h4e0x44fEWnx2xjhHyIfLSRR7bkYfUmnZWeg+Zuxp3V94c1/9tjV/Cs3gjRUsPBnhh9TtHWL/j4mkXJLDG35dpAI6ZNaabWJu7XuUfh74r+E/wAaPjP/AGr4d0/w9qN8vgu5OtafaRZW1uUlG0NlRzjcAfSh2fQLuxD4H134VfDD4MfBrQ/GOjeGrDSfGvhy6u7rUtURR5t2rWhMZJXBDrczMSSAojBBpO1hJts4f9pXwL4I8baj8cNS8QeHINQ8QeG/A1re6bqc7MDAzm9CBQGGSHizyO4qHrqXG9jrPFfjue7/AG1Pgp4Wl061EY0yfVm1QL+/ZjbTJ5JOPugfNjPWk9g+yxslp5X7PvjDUvMVhf8AiP7q9VMWpSjn8xT16EdUQ/FL4k/Ea6/bTuLLwDo/htp/DXhlprl9Wdolv4ZVywZlGSyleB7mne2qC2mrPQdKXSZPir4c8WwaXp2jajrfgG5XUIdPiWNHdXBGcAZxuYAnnFGgXezOA/Zo1PxVefD/AMBeC/iRoXhfWPCF34ZubnRbtB59yYo5rZQkiuuEzHcIODzs/Jb6NA9Hoz5m8YftC+Mfi18F5jfWEWi+F9Tt30zxN4thsml8poyrRQccsHMsQJHCm4A70dTVQtrc3fHP7QfxPsofhp4/1DwPa2922rvb6X+5P76Ca2xbsGGWIkSR3VTj7vvTtfUlJK6bK/iv4rfEHwxDqXw0GgG7fUtRe/0cJF89/L5/m3CDBIHlsWBB549adhqKdnctXP7UWv6346n8c281ithoul/Y5byKwYpcXEynEEvfgrgN71LshKGhtr8S/iTqd54e8d32nJY6LdaMljI62+IrKOdmYMoByd2OCQBge1c052t5jULpocPid42+EXwy0a8k037f4esbv+z9JvZbcxC6swCww2SVLCLGMfwZ7VPO+VsORXsfIGl+PvFTeBZvCkXibVYPDciSQyaPAFNuwkkWRgQTyWaNGJ9UX0GNZ1Zxdkl9/wDwD2cNgqNaPtJSlfskn6dV8xNb8T+KtYXSPtHiTWb59I8hdPjmkwtt5KbIimGwNigAHsKlVnLSaS+83q5YoK9Hmfqkv1Ztw/EP4h6p4l0fxNf+J9Tk1nSpJZrG8aUeZA8hy7LjjLEkn1q3Wi9FueZPB1qUeepFpeqPavgr4U8QfEO01e2t7TURcaiyy3utrIvl5H3o3iPXI5BGKxqVYqDUVcyTXUf8b1+IGg+GJvCaeILp/DsccUIs8Bf3cWRGuRzgZOBnjJohHbnI0vdHicPxH8can4Pl8KarrmoX/hnSRHLBa3LlordwWRNv0Er/APfRrWpZpJCtZ3PK0GDgHGOT71u1fdD20V18yeBdzgZbcOMZ9fxpadhHp/w+s9Hs76HUtfEzaJaoZrqK2AErohGVXjAbtk1xVm0vdW4fj9591/s+/tnfDuz8V+JLHT/Cdlo3w/SJXiu7aMC+VUQfPcIcZznBK5A45ycH06OFpwpXT18zKUpPco/taal4T1jw5ofifwpqcGqaN4jVjYXEBOGYZ3hsDKlSMNnoeDjNcNT3ZOxabe58qav4dkh+HPiJJjExj/ekw52nDrjBPNKCbsyz54X73X9K6gNnQLYz3KqMBVYM/GAFwev86l6ID1ryrjTPDE1/a3KWs06NFExgE6kcK25GyDjJwMcc1zR1mkByz6BNfmE6Fbw6HZJFtV5bx2e9wOWKlQW3HOFAAxxjrXfOV1ZDUXfU9n+G/hTxBY+A7PTdSknOkC9e+tbS/jQOrsgUsq5OxcqDg89645Qc5p9BOSizpvilpC6F8EvEuoT4Vp2htIemSxcZ/QN+Vb2VrGXNeWh8VbgBk0zU67wJaxXmrW0BnjjSd1TcwGB82MkemcUnsB9haV8FoNB0fRJU8TaXf2t7ey2wifaxg2uyFyCeNxUn3BFc7p3d0x2PUdK+FEUFjJKNW06SO0l2rCI1JTBA4HRc5z+FaRhZXZMk7aMLTwlHqN7FGJFkCyFyADhvTHXitFrojm6nz3+3H4ut9Nfw78PdPcbrVjqd/t6B2BESH3Cljj3FM1prqfIWOQSu4AgketBqfd/hO88I/Eaxs9e8P/s/XD2F7GLSKVbiJY2dQIfMGTn/AFkqH8cVLv0Ho9jtI9CtNbedNM+E76VFd6nbrColiYRmDeXjyO7Ar/3zSd30G9jvPAlla30Muo23gKaayOoSxzSGWP8A1iZDp+FUrq5F0+h1XiLxDpnwZ8D+IvGWv6X5Njp6fu4gRuL4ZURfdmIHtir0eqIVm9j8nPFvi7UfiB4t1fxLqjbr7U7hp3/2AcbVHsBgfhU7l27FLTvBniLVbKO+sPDmsahZys6R3NpYSyxOyDc4DKpBKjk46UBdHpfhDxP8a/C1lpuk6VH4106wspWFtZw6fcKkbArMQBs65VXPpwaYJpbHpHgrxr8VhfyQpceKY5bOYTSwG3lDRySDhmBXILZ4z1FA733PevDninWvhn4bOo63Jr4iMskyafZ20sktxK2N+1ADySRk+9Ixbd7I+YPjp8Y/jF8Zri6sbzRPFemeEZcCPRzp0/lsEZiGf5PmYHcfbmktEzZNpas8am8L67p9s891oOq2dohCvcz2MscakqjAFiuAcSRn6SIf4hlgdn4J/aN8beAfCdroOj3lpFpVtcrexxzWccrCVXMiNlhk4fDYPGVHalzCaOhuf2wPiTqF1E91qlrlJprjKWMRJMqCN+oxyAMZHHQYxT5ieSI7SP2qvEXhGC+/4R6ztLbUL0WwuNTu4lmmIgjVIwo4CgKq8HPPPWi7HyE8v7aHxYvDcvNr8EhuZopn3WEPWMgqB8vyjIGQOuKu8hckdyrD+1x8TbZLhINat4lnbe2LGLPTBGSCcEUnKQckTN8X/tN+PPHHhzWtE1e/tJtO1eaK6uo4rGGIs6bAhBVRt4jQHHUKM0r6AoxR/9k=","This also would have caused Gemini 6's engines to stall, and would have done so in October — had they tried to launch then.18 At 7:37 am (C.S.T.) on December 15th, after three tries, Gemini 6 finally took off. Six hours later Wally Schirra ...","Genesis: The Story Of Apollo 8"
"23ZGYQ4J3NAGREQG9UFY9IT1U9RPCE","2DDUDD8XMB3VOCAU5LLTZ6T4EW9PE8","Find time stamps in narrative books/novels using Advanced Google Book Search","Use Google Book Search to find 60 time stamps in novels and narrative nonfiction and report author, title, sentences, create a bitly link and image source URL","data collection, books, google search, time stamps","$0.20","Sat Mar 01 17:23:35 GMT 2014","1","BatchId:1437442;","300","172800","Sat Mar 01 17:48:14 GMT 2014","","","2GKVQ8H88MQZROGI5A3ICRXX9J08RR","A1WBMFD9SBLO5L","Approved","Sat Mar 01 17:47:23 GMT 2014","Sat Mar 01 17:49:35 GMT 2014","Mon Mar 03 09:49:35 PST 2014","Sat Mar 01 12:23:33 PST 2014","","","132","100% (10/10)","100% (10/10)","0% (0/0)","7:33","https://www.diigo.com/item/p/qqpcbpqzcaasoposbzbcspqpcs","Paul Hendy","http://bit.ly/1mSl0mI","http://books.google.co.in/books?id=GEdbJJ4AQVsC&pg=PA117&dq=7.33am+inpublisher:Random+inpublisher:House&hl=en&sa=X&ei=TR0SU6LxHIKCrAf23oDIDQ&redir_esc=y#v=onepage&q=7.33am%20inpublisher%3ARandom%20inpublisher%3AHouse&f=false","It was 7.33 a.m. Even I was shocked by this. 'When I say “ngy knob”, I'm referring, of course, to the knob that controls the volume on the monitor here.' In the studio, 'Paddy's Posse' whooped and hollered. Paddy's Posse whoop and holler at .","The Diary Of A C-List Celeb"
"2522JE1M7PKPUO2Q03QAN04L0N1XQF","2DDUDD8XMB3VOCAU5LLTZ6T4EW9PE8","Find time stamps in narrative books/novels using Advanced Google Book Search","Use Google Book Search to find 60 time stamps in novels and narrative nonfiction and report author, title, sentences, create a bitly link and image source URL","data collection, books, google search, time stamps","$0.20","Sat Mar 01 17:23:34 GMT 2014","1","BatchId:1437442;","300","172800","Sat Mar 08 17:23:34 GMT 2014","","","28FJ92NJKM0AWPUNOWPWDGTPE0R9E3","AMMTPFOPT7RCU","Approved","Sat Mar 01 17:37:34 GMT 2014","Sat Mar 01 17:41:04 GMT 2014","Mon Mar 03 09:41:04 PST 2014","Sat Mar 01 12:23:35 PST 2014","","","210","100% (18/18)","100% (18/18)","0% (0/0)","7:11","https://www.diigo.com/item/p/qqpcbpqzcaasoposbzbcspqpcs","Lisa Samson","http://bit.ly/1g0WZEC","https://encrypted.google.com/books?id=4k4W3wlhdXkC&printsec=frontcover&img=1&edge=curl&h=80&w=53&zoom=5","birthdayis 7/11, and Trixie was bornat 7:11 a.m. Anyway, thereRusty went,and here Istay. He's entertaining an audience, and I'm entertaining bitterness. How lovely. Yes,I know I choose my own emotions. The alarm clock buzzes: 7:11.","Club Sandwich"
"27WOZFYQS1CXEPZ9R64SFIC1FOPMJT","2DDUDD8XMB3VOCAU5LLTZ6T4EW9PE8","Find time stamps in narrative books/novels using Advanced Google Book Search","Use Google Book Search to find 60 time stamps in novels and narrative nonfiction and report author, title, sentences, create a bitly link and image source URL","data collection, books, google search, time stamps","$0.20","Sat Mar 01 17:23:34 GMT 2014","1","BatchId:1437442;","300","172800","Sat Mar 08 17:23:34 GMT 2014","","","2PKVGULF395XH9YAVUJ3YYNJG7WBP0","A33UJ3SXS0H7SH","Approved","Sat Mar 01 17:37:11 GMT 2014","Sat Mar 01 17:38:12 GMT 2014","Mon Mar 03 09:38:12 PST 2014","Sat Mar 01 12:23:34 PST 2014","","","61","100% (220/220)","100% (220/220)","100% (46/46)","7:01","https://www.diigo.com/item/p/qqpcbpqzcaasoposbzbcspqpcs","Roxanne St. Claire","http://bit.ly/1ciDxIb","data:image/jpg;base64,/9j/4AAQSkZJRgABAQEADQANAAD/2wBDAAMCAgMCAgMDAwMEAwMEBQgFBQQEBQoHBwYIDAoMDAsKCwsNDhIQDQ4RDgsLEBYQERMUFRUVDA8XGBYUGBIUFRT/2wBDAQMEBAUEBQkFBQkUDQsNFBQUFBQUFBQUFBQUFBQUFBQUFBQUFBQUFBQUFBQUFBQUFBQUFBQUFBQUFBQUFBQUFBT/wAARCABPADYDAREAAhEBAxEB/8QAHwAAAQUBAQEBAQEAAAAAAAAAAAECAwQFBgcICQoL/8QAtRAAAgEDAwIEAwUFBAQAAAF9AQIDAAQRBRIhMUEGE1FhByJxFDKBkaEII0KxwRVS0fAkM2JyggkKFhcYGRolJicoKSo0NTY3ODk6Q0RFRkdISUpTVFVWV1hZWmNkZWZnaGlqc3R1dnd4eXqDhIWGh4iJipKTlJWWl5iZmqKjpKWmp6ipqrKztLW2t7i5usLDxMXGx8jJytLT1NXW19jZ2uHi4+Tl5ufo6erx8vP09fb3+Pn6/8QAHwEAAwEBAQEBAQEBAQAAAAAAAAECAwQFBgcICQoL/8QAtREAAgECBAQDBAcFBAQAAQJ3AAECAxEEBSExBhJBUQdhcRMiMoEIFEKRobHBCSMzUvAVYnLRChYkNOEl8RcYGRomJygpKjU2Nzg5OkNERUZHSElKU1RVVldYWVpjZGVmZ2hpanN0dXZ3eHl6goOEhYaHiImKkpOUlZaXmJmaoqOkpaanqKmqsrO0tba3uLm6wsPExcbHyMnK0tPU1dbX2Nna4uPk5ebn6Onq8vP09fb3+Pn6/9oADAMBAAIRAxEAPwD9J7Hw8VAJ2/lXi/UWz0ZV0fGv7Tb/APC5fjjZeFbhMeF/C8ZXMfHnXTbfNLeuMKoHs3rWOLrPC0+WHofTZPQjyyqy3Z6F4T+GelWelxWlrZQwwIOECDp7185zym+aTPTrV3FlfxV8LtGe2cS2Fu4ZSCPLAP510U5yi9GZxrOR5p8JdNb4M/Gex1KwlePR7oNb3kAGQ8bZxnp0baw6fd9K+moV3KF5bo8jMeSdJrqfXz+KdQlyUNoIiMOPswLLkEg/6/HQds9Peu2VFSTXc+TUmncs+Db26mku4LiK2YoFZUjTYc5YMSd7ccDHTr3wa82nT9ldNG9So5tM7tYwgr2zlbPzV/aP8Ta38MvG2vx6WVTVJtRmupp5o92ELsVGOOo5+hryfqsazftT9FwU/YYanOME7q+v3WVmuxY+HP7UV7a6hokGs6nb6qdSjd7i2sLJ4207b90M5YiUkAnaqrjI5PSsa2XUlD3FZnVSpPMKkqcKaja9nd6211u9PX8OpJ8Rf2ldUnKXukahbqHuZLUaO9pl0jUcTPKTwSSCEC9O+RXRRyunyLn33MKzjgarw8qXNbrd7+Vnt+fker/swRXXxGnhv9X8uW5hfeGRAox9KipQjTnyU9meDmNaFWDko8rVtr2d/W/5n0Jqnwxv9VvZ7u4vLKeWbKu0lspyuMDt6cc5r1j5U6DQPD58PWL26ygK0rSKsGFCg4yBwO+T+Nc1WjzPmQ1I3IrueWJ2a0aNh0VnHNNVJtfAW4xXU+QPjz8ILvxt4p1GZbVrosxSSHzMSlc8MpJG7A4xnp0xXhfWZUpuM9NT9HyzEUI4aNOo7dn081/XU4z4efs7L4L8aWfiHULdtNQuwtYZcSyqcE732ZVeemT1xnHAOdbFupT9lHXuepWxlD2UqeH96T3eyt2V9/PTyMXXP2f21/WbvxBYWUl5Y3E7CRbZcSxv/e8tsEqevHI9Mc130Me4wVObs0ROrh5pQqvlmlu9nbzXVHs3wI0K/wDAN1BH9na1EjhRG5G4545A6fSlUxHPLmiz5TMI0pr2cHddX3/4CPoPXfHkejq26LBBKkE966vrT5uVI+XVByjc42b4kXN1MXGVTsFodST3F7FHsGQe9ehc5jkvGejQqY9RSPEocLIw7g8A/nj868TMaEeX2qWvU9bBVpa0m9Oh574ubXbS6t20qC0FpsJkuZnYurc4AQKcg+ua8ihCnLd6nu4d0pJqo3fsUtI1G6tLaSfxA9jYQu6xRXKylRMzHCgqwGGJIAHcnArR4aTny0k5dfuHialGnZxl9/8Amd94Vh8P2y2c897aG7utsluDMvzqThCvPOSDj1PAr3sLgpKPPOL0Pm8ViuafLF6HnPxK+Iugx605t9Rsry3Urny51ZQzNs9f752/U4606mGqqq/cf3eV/wAtSqEoTp6SRkaN4607Wi4sVhuCn3khcMR06gfUfmPWnUoVopOUGvkaUvZu6519569o/wAV9L1G3QkskpH3QN2fyz+tfQVMHODZ4kZXX9fqYvjLX7/xRZy2djqR0+NxgrCisx5/iJ5/LFc31KdVNTtY6aOPpYSalKk5Pz0MeLxrrvgm3jiudLPiGEgAXcJEMicdHUgg9+Qfwrxv7KnQk+V3X3novE4bGO8W6b7Pb5Mi1TWbj4jrYwiwj0hLe/tL5mu5N2/yJ0m2fKONxjC57ZzzjB6sJgpU63NNXTUl98Wv1OPE1KcKfLCd3dfg7mXrPh7SPBOl6hfz6xJNb3d1ZXF9siP7l4tUmvl2c/JGZLkoc52Iob+8a+qgqtZqMY7JpfOCj99lfzeh4XPThrOW9vwbf6nCDRNP/wCEj05rmVJrWGG5tyYojt+0XVz9qiU54ywXKnvuU5G5Q3NiMPKopPq2n8ox5X+evz7M9TC1YQS12uvvd/0/EyfBN4sk2qmG6a5e5ki1NPLhIIguIx5R2n+8sOfbODjjM4yjKKgrbXj809fzPZw7pz5nHraXya/4B3drYDwvqZguIU+xStlbl1yB7GqeKb0swngI1oe0pNc3Y6efVtGgjQz3UTnHytaMzZH/AADjP1rnlNvY5aeGq/y/ecxrerNczb9Hg1D/AHnby0+pZmFSm3uz06WFjb961+Zit4h8RRXbSM9se3lvdD5vQEgNx+FaxXZnW8vwso2Sf3HNXHxIbx5pd5pctjJbSXNi6XUEcwBRHWZJFBIILL5bKflwC6170KcqDU3LZ6fhb5O9z5CphqU04wWtvu3uvVW++x1g1nSb26028FpIZ7iytdeaymuEQXbwWm9JBlBv2qiK3lnho1yoUFjk6c/eV9m437Xe2+l+l90+55cJKElddn9yGeDvh5Fr9xNN4eu5ESy07TdPcXUwcNGkG+HGyMfMqSbWJ6kZ+vNiqsoJe06uT+967vyPXwGJp0r3vayXTpt+Z18vw+v9Tk8y9v2uDgErMGK55zwGA9K8WVeMFe1j3JYtQ0gihqCPoiERfYlCgDPlMeg5/ir5+WaUnLr9/wDwDsp4apWV2cbq/jaabVbe1iW2KFgrFo259f4vrWkcWp6q/wDXyOiOEdOLbZ3a6AuoWEE8cunwu3zP/oxbnrxlug4rR43l3v8AeYwrcrad/vL+gfD/AMO3zPdeRpsd26XCSyxwyBy0zB5ej8bnAbjnjjFdCzCbVnJ6W/DRdOiPNqwUG7R3v+Lu/vMXU/Cy+HNVt9PgtLc2LQ+UsYecRn90YM/6373knZu+9jjOK0pZnOdb3nrfy737d9bbGH1ShKk9NvPysdFoaNpNzKmmRx2d1cxRs5WSRt0UaLHHneZABgYU4BYKTnjLevUquUU57fLrq+x4/sYRk+U9B8ZxR6Po0jRLhpCFB7gd6+RzOo40eVdWexgoqrWXN0PDPFUrGBiM18xGEmz7OnJRR5Zp1k994ntlkzs8zJxX0eHp2jdnLia3uPlPfLO3t/sQXesK7doLtjNZz95nz3vbrUh03RLfw7LdTS3c8UDYeQrI20Z757fhWsU5NJbm8qznFXtoW/FmrWNj4dt9Ru7ZrmPcE0+xkyHvpT9wN38sfeI/i7/LkN7eDwH7znqbr8P+D+Xrt49Wu7OMXudf8MPBc9vpUl7q0rXGpXredcSt/E57D0A6AdgBXTXqKpL3dlscyVi147vftMjQuHaBWAHlqW5K57fSvlMX+9qeR6dCcaEVN7s811PTra7Jj/eEd/3ZOP8AOawhBXOiWYxtoWvD3w1tRJFe7cZG5Sy4P5GvapxXIefUxcqmxyev+KBpWoyRQEMFbaGYcYxwfxqPZqx6UW4xSZ1Hw/OhanYXl5qF3Jf3GnnfNaXTYS3PbEeACO4Y59jXtUFCy9irN/eeTXnKTvJ6EPgK3n+LvjqTxDcqf7JsiYtPiI+XH8Uv49B7fWu/EyVCHsY7vc5Vq7n0PDEsEaogwqjAryDQ88Jj1CWT7WhaRHJwpwMjj8a8R8vNZnp1qKaXYzrmwsprstJG53EkjecEk5Oa1hGDdzgqUE1c17YRQ2qwxKUQLtHsK7FZR5Uc6jy6I8e0PQdO1zUbqLU7UTXNpM0LqxyDgkc9jXnVKkoOy2PolJ8iZJqvw9trK/S10WJLW2u4THdpuKhkb5SOOuR+WM+lelgKk1P2t9F/X/BPMxDvoe7fD7wvb+FvDtvbQRqg2j7o7dq7Jyc5OTOQ6eoA/9k=","Roxanne St. Claire. the change of sheets because my brain is processing the screen of the iPhone. Alarm 7 :01 am. I turn it over, frowning at the engraving on the back. I run my finger over the words. Ayla Monroe. Who is Ayla Monroe, and why ...","Don't You Wish"
"285DWIOV1S7X86ONA9S39DZ8OY3JYG","2DDUDD8XMB3VOCAU5LLTZ6T4EW9PE8","Find time stamps in narrative books/novels using Advanced Google Book Search","Use Google Book Search to find 60 time stamps in novels and narrative nonfiction and report author, title, sentences, create a bitly link and image source URL","data collection, books, google search, time stamps","$0.20","Sat Mar 01 17:23:35 GMT 2014","1","BatchId:1437442;","300","172800","Sat Mar 08 17:23:35 GMT 2014","","","23YS8SV7WGKHXYWFXR13EMHAUZKQ0J","AZMJHIX05LZ7D","Approved","Sat Mar 01 17:28:50 GMT 2014","Sat Mar 01 17:30:56 GMT 2014","Mon Mar 03 09:30:56 PST 2014","Sat Mar 01 12:23:34 PST 2014","","","126","100% (71/71)","100% (71/71)","0% (0/0)","7:26","https://www.diigo.com/item/p/qqpcbpqzcaasoposbzbcspqpcs","James Ellroy","http://bit.ly/1bVfmPq","data:image/jpg;base64,/9j/4AAQSkZJRgABAQEAEwATAAD/2wBDAAMCAgMCAgMDAwMEAwMEBQgFBQQEBQoHBwYIDAoMDAsKCwsNDhIQDQ4RDgsLEBYQERMUFRUVDA8XGBYUGBIUFRT/2wBDAQMEBAUEBQkFBQkUDQsNFBQUFBQUFBQUFBQUFBQUFBQUFBQUFBQUFBQUFBQUFBQUFBQUFBQUFBQUFBQUFBQUFBT/wAARCABQADQDAREAAhEBAxEB/8QAHwAAAQUBAQEBAQEAAAAAAAAAAAECAwQFBgcICQoL/8QAtRAAAgEDAwIEAwUFBAQAAAF9AQIDAAQRBRIhMUEGE1FhByJxFDKBkaEII0KxwRVS0fAkM2JyggkKFhcYGRolJicoKSo0NTY3ODk6Q0RFRkdISUpTVFVWV1hZWmNkZWZnaGlqc3R1dnd4eXqDhIWGh4iJipKTlJWWl5iZmqKjpKWmp6ipqrKztLW2t7i5usLDxMXGx8jJytLT1NXW19jZ2uHi4+Tl5ufo6erx8vP09fb3+Pn6/8QAHwEAAwEBAQEBAQEBAQAAAAAAAAECAwQFBgcICQoL/8QAtREAAgECBAQDBAcFBAQAAQJ3AAECAxEEBSExBhJBUQdhcRMiMoEIFEKRobHBCSMzUvAVYnLRChYkNOEl8RcYGRomJygpKjU2Nzg5OkNERUZHSElKU1RVVldYWVpjZGVmZ2hpanN0dXZ3eHl6goOEhYaHiImKkpOUlZaXmJmaoqOkpaanqKmqsrO0tba3uLm6wsPExcbHyMnK0tPU1dbX2Nna4uPk5ebn6Onq8vP09fb3+Pn6/9oADAMBAAIRAxEAPwDgfB/wQsNd0vSLy/TXLZbq2eWYwRRsqsWiMO0kcrJH5p9iU64OflFFWuz+tMZndShUnTpuD5WrXb215r+advVX20O+8J/APwzYzm8uBr7WypMzXFyiRiIoMjcuw/ofQ98VwYzljCzulrqeXVz7Fzjyx5L6aK7vfe2q/rQ7fw/onw3sL2WWPUNZVzHtWR4VK53YIwFznABHbn1zXxWMeCrw5HUl36f5fM4K9bN5xs4Q+9329TybxoPD+q2fiS+0W4uJrnduuVlyEiZXKgKGiQnKqrZ9Sc17NKjSw9OjTpO+ne/n2R35fUxUY8tdJLp/m9X16GJfRKmj+CrgcmWSNG468qPaml700enCbbmjj/iksGn+J9Xtvt1zC4ntpEt1TdHzGMsxzwRxgc5zXbh1eEXbuePOo29zg9VlUalc+Tc/2hGZDi6dMGT/AGsHkfSuuOiWljJvmbbZ7j4KXwLbaRokusPoF1cJBJ9qjnvLlDJIxiaMuqxHb5fl7W2k7t78jt6ScbansY3+0J1KkaHOk2rWjHRK6dm5a817q9rWXz9G8F+Jfh7Z3cAW30GReVMUN7OXlYM/BXyguCHAzx9wkk9/LzGFJ0nUcU+XW3e3Q8ivRzScWuaa83GOm396+lvPf7vRtSvfCdq+yG20a0ZYhsd5pGKnBz1jOT0HTuD2NfK0/qldvljG1u7/AMjx4Rxr1lKb17L5fa/U8uuNV8G+H9a8dmy0DT9Vtnt2lntIrp9kc4aV25MakDLFcZbhBzX0CnSjGm+VNNaWf3dOxvhqOMrUlF1HBp72Wt12u/W/mZniDxv4evfh94VS28KW9ndNOiRXgmyUIcb22gBSWw3AAC5GOBinKpTk5xULPuehQwuJhXlKdduPa33a76fj1PJ/jFeMviTXohfSQRyy2TNaLAzo48v77P229l759qMMrwi7dzOo2pNHAeIi02vX581bjEpXzYrYwq2OMhONv0xXZBe6iW9R5B2ZAPIPP0612H6i7F/Sbl7e6VtrDBHQVnUhzKxOlrH0h4R1/SvGGk28t5cEXFqAlwsoJOQUy31OR+Z9K/LMdhsTl1WUaUfdl8Nttm0vl+S8z4vF0amHnywWj228/wAjzdtVhm8c/EFlI2yQMvlj+AbTjtyeSSa+rwlOVPB0Iy3ObDwUXKN9UeHeJPjTquk6lBpEcUcunacUaNWX5g+WdmB687wMZx8or7PDZZTrUfaN+8/+G/Q/PM04or5fmVSjCKcEor9W/wAbfI6IeNbj4ofY55BNpt5qLQbgLsR2xaEurNgjliORzkdOetZf2bKgp8j5lHpZt6+h04bO442FGVSPK56XuuW8b33tvvb5ak1x4J8TeKb+91HTLWa/tppmImupoXlY9fmLYycEHgY5rzvbU6aUZaP0Pp3h6rd1qvkfoT8Iv2ddU0P4ceHp9M0OTWLG/sTPJ9t1KC3KW1/HatdoDsfd8tsFHCErM6kqRub6anQkoppX/wCDY+QzbP6VfGVY1anJKLtpGTvKm5qD3VtZXer1inZ3sujh+Fvinwm+k2p0swXF/b2+j/aoruLfI8FlIkEhCyIw2gzZ2up+7hgeQeynG2m/+R5zzPC4pTlz3UW52adrSmnJaprX3d01voclr/w58VaV8NfGj6lcT38WmXS27ySyuvz+bDMSwN1L5gxIFAcM44xIFAQeDnFCTwU5S1Uf8156/d8z3cHmGDqZhh1SSi5q9kl2lH+SNtr6NRt9m+p8IalqS2HxB8YmNwG2vEcfRic+teXQi54SjfyPsaE4Rr1230/zOF1bw9BrNpb3kDxpdXGyKUHJ3BZCwP5DB/CvfwteUJ+yabSu/wANf8z5TNsqpYqn9bjJKUlFO/W0rr70lH7jpPDHhtfD+v2kc0CSLYxv5RkBO3JJ4HQ8sxB47V04vG+0ws1TlZytov68rfeRk2SKhjaTqQ5o01Kzffpptq22npsup3XhDVY49J4YYL95Ch4UDp+FfKV4XmfpWCpqdG7R+hHiXwTrnxV/Zo+HNjo/jYfD27gtdPle8juJIzJGtky+WWR0J3ZDYz/D7V9w1KrRjaXL/wAMfhtDG0MszzF1K+H9vFuatZOzc731T22v5njvgPwX4w+GP7UHw00bU/ihdeO7bUIr26Ufa5pYoilvIBuR5HGTk/TmuaMZwqxXNc+uxuMwWZ5DjK9LBqi4uK2SbvJdUkfUd5p8er+FfHWn38SzWt14mt4ZlDFdyMbJWHqOD65p46Cq4WdOorpyin6OUUz86o1ZUcThqtN2caUmvVKpY8o8ZfsofBLXPHuoeFLS3bTfF/iOwjv4ls2mdrSzglCzSgsSgeUu8YZ8nJBA+U0LL8NBKjT06rVuyVr7s2pZ9mcYvEzd4q6loldtO2yW2+nzPOvDnwy/Z++IfxW8Q/BjTvA9/o1/occ8cPiGHU5nkkuISBKNhcg4Lt14O08LxVU4UfbOEY2avrf7z2as81p5TDM6tVTp8yvDlWl9U7rX+uo39rH9lXQvC/hzwnq3w80iOHVJ9Uj0a9WG5nmV3nISNiJHbaFkTbxj/Wc9KxxOCpKmvZrqetwtn1TEYutHMKnuqLmtEtFq9kt1r8jlPjdN8Dvgb4/uPBMPwzvPEU+lW8CXV9Dr9xAHmaMO2V+YZwyk4IAJxgYrHE0sPGpy8l7eZ9Fk1HPs9wizCeL5FNuy5IvRO3l2/wCCej/EEfC34zfBX4c+EtT+JmgaG1pa6fPPJDqNq0kUqWnllJEaQbcGRs5xgjBrpqeznGEb9j57ArN8nzTF4yjg5z5nNK8ZWac73TS12XyOY+EHwp+EPwT+KPhbxXpvxk0fVpYLqWCaCa8tEjSOS2mXeWWQ4wSo5HVsUqUaVOakpHpZrmmd5zl9bB1cvlFNJpqM3dqUXazj6n0fpXxQ8FavZ+KUtPF+gX0kvie3nRYNSgffGGtCXUBuVGxufY+lZZhi6FKi+eol78N2tuaOp8HLK8fTnRc8PNWpSXwy3tOyenmeeeMPiV4V8N/tR2njC3u7bVdIbw+ml3V9p9wtwtshklcsNhPRthI64A49fGxWbUsPmcLTTptW011b8uzPZwWR4jFZLOhKDjW57pSTV7Jd++vzOK8H6T4D+F/xu8T/ABp/4WJ4cfR9SiuLy0023u0e7M8+xpFKAlic7wAATzzjFe9BxjUdbmR21o43E5XDI6eDmpqS5pWfLZX1u9O3W2mnQ7P9ln9oSw+K8PxPuPEloBY6RqreI4PO5+y2pJdQSOMxtDv+rZHSt6FVTc+fo7+h5/EWQVMs+pLCS96pHkdustvulzW+R+e/jrxZd+PPGet+JLwMLnVryW9dc5273LBf+AggfhXkSm5Scn1P3/BYSlgsNTwsXpBKP3Lf57nMSN5cLOPm2qWK9/p+lNK7sdWIq+xpzqtX5U39yueMQeJb+HVBqH2h2m3bmUsdpHdcentX1DoQcPZ20P5Io8QZjSx/9o+1bne71dmusbfy9LdOh9gfs8yfa7q5kX/VPGjFT15Vsfzr8k4nXJTiut3+h/TONxEcVhqeIgrKSTXz1sen2tta2ej6jLclhbRWzySlcn5Rktx/u5r5GpUqVK1ONP4m7L9PxPHxFZUU6r2WvySOFj0r4dT6Q+pJ4g0UW5B2zPqMYXgAkZLdfbqK+jeMzSFZUnSlf/C+/oYviCjOm5qtHlf95HoPjH9uXwbrXgSLwFob6LYf2uIbK6i8N2M091qCjC7AY05LnjoS2SB15+xlVznEQ9hTw/KrbtpN/e/mz84wuIyfC4xY+tiXUnFtxTu1F79nt01W1z0bw7+xloeo6akupi6t73I8y2tjF+4yoYI+9gd2GBOOBkDqDXr4DJayoReOqtTetlay8r2d3/Xm98b4hYlVmsHCLgusk7vz0asu3X8l5V4Y/Z68H+I/CXgWK60a/nuvFGnNLc6pbeJLaGa3bdKCYbB0Mk5AjHCZyWx2Nc1O7lfselxHxPjcNWxGDi1yNyhbk0tyx3nzLV8zskntra6Pkbxp8IdM0bUfhVp1ml7FceJtGiur77Q2HWdp5YyQrL8gARSVOcYNfR+2fLOXbY/AMwxDwuDniKdm0rq+z/4c+2vA3grwP4E+KN18M7Oz1WTXIrWVTr814CktzDbmVlNuEAVMBwCGJ4HrX59m2AWYUXFuz1t6n69k/GeOzxYqE1FLCOlFxs/eU/dune6s11vdPoani34Y+AfHWsaP8L9QvvEtj4hulST+19GvjblZmtlk2eXsKvFsnTOWyd3tXlYGksBiOVUlKTSvKVmk3taPqt73PXzOGNzLATzF1OWjBv3Vo2k3F3lfd2enLY8cj/Y4+AEfinwT4Pu4fF66v4j0qK9GsDVIvKikfzQN0Pk5IJiOcMOG4r7Wjj8fWjGLilJrpd2l6dvmfNz4YjHDYnHqf7ujNx5Xu0rfa72fY91+Cv7H/gn4BajoniXTdFul+Iuo2SW2n22p3QuhpeVxPdAbQA53FVGDtHGTuNfZZfRqql7TFtNre21+y9ev3Lu/icf9XjWlDC/Dd2b3t/wPx3stl9u+FPA0en6HbwyMzSY3M78s7HksT3JOTUzm5ycjhWh+cXw01XX/ABB8E38W2uheDpPEngS3kh8JS6jpc1xe3UlvG91OI2+0BQ6IxKnYRuI44r5Clbn5W7J6M/ZeOcNSoTqQw8puU/3ktY8sG7RTty3bdtubp1K3ww16P4wzzyeJfDfhue38MeGpHg1Y6JPe6uuZgMJi6RM/v3bO3qPetHLkg4Jvf5H8qZfjni8DXy7Fx1prflcrpOz05l7yfn8j0maXUTean4j1C70G301/DgmvPFT6DLb+I/KkaS18lrczmMSyeUcTADKg+ma8/FNQopptdO/Vbf1oftfBFGhOn7VKU69R09H7inyczUqi1+Gy23uaVxKlr4S07xTZajpElzYaQh03xLfaSy6nb2qtFa3ZcCUxiaFZIm8zY2Vbjpk4YBQqT56j92Wl+tk3v6dD9CquXtamEcZLmm+ampp03Jpzhb3U+WbTVuZWa18va/DPw38H/C3wvo/ibUjBrOqaLpcWn2epzxLvWGMHaFx6lickk5Y461+kYXC04vkoLfru/v8A8j8tx2aYrGzqOpJqM5OTivhu/I6T4M+G7zxPqd14w1pD9svSPLjf/lhCPuoPfufc10YupFWo09keRFdWe4gADA4FeaWfjZof7V938NbH4a6Vo3hXTG0bQLhm1O51C3inuJDM7G5eKZl/cb0YR8ZOBjngV8vRpKpzK+ttD9j8QaE8rozzKU3OdWaSirpWjBuMdL3d03f1fdjPBfxXX4e3HjV9GtbqxbW7KSysZYLoxy2IMySKwZRkkKu3jHWp5W0fxPhsylhqmIq073qJpO+qvJO7e7fctW37TNpfa+dC8UaBc6vaXvhyDTNXuzfBbu8aO5kkt7pJChO6PzGUhtwPr2or0lKgm9rv9P8AI/pzwtpVc6pe2o1uWvSWl/evq001e+qa81dd0dV45+L2l+EfFXgzTY/DVzL4E0ixv9Pn065uczagJnMc7SSBQNxMULABcABezCvn8rxNPE05OkrJNaXu/eSlr99vk10P3GlkNTH4XEyqVl7epKElJLSHKrxsrt21a3116o9b/Zc0vxn8TtC1R/EcU6eGb3XH1TSY5pCSqMSWRVP/ACyztI7FgTj1/SMtrTo0Hfrt/X5fM/GuK8NhMJi6eFwzvKnFRl6rv/e7/JH3zomlxaPpkFrEoVUUAgetW9T4wv0gP//Z","7:26 am. A breeze kicked up. Wind swirled the gas clouds into wild fusing colors. The milk truck driver and Masked Man #2 gawked through their goggles. Masked Man #1 stepped in front of them. They got pissy—Say what?— don't block the ...","Blood's A Rover"
"29DQ8H88MQUB68Z5PR912XX4B8US9F","2DDUDD8XMB3VOCAU5LLTZ6T4EW9PE8","Find time stamps in narrative books/novels using Advanced Google Book Search","Use Google Book Search to find 60 time stamps in novels and narrative nonfiction and report author, title, sentences, create a bitly link and image source URL","data collection, books, google search, time stamps","$0.20","Sat Mar 01 17:23:34 GMT 2014","1","BatchId:1437442;","300","172800","Sat Mar 01 17:48:08 GMT 2014","","","22IV66RLPHIYOK6Q4ABIH2NJVBIF7F","A1CWDSIO5YOANA","Approved","Sat Mar 01 17:47:14 GMT 2014","Sat Mar 01 17:49:01 GMT 2014","Mon Mar 03 09:49:01 PST 2014","Sat Mar 01 12:23:33 PST 2014","","","107","98% (41/42)","98% (41/42)","0% (0/0)","7:08","https://www.diigo.com/item/p/qqpcbpqzcaasoposbzbcspqpcs","A. R. Morlan","http://books.google.com/books?id=mXx5hf6rAo0C&q=%227:08+AM%22+inpublisher:%22Random+House%22&dq=%227:08+AM%22+inpublisher:%22Random+House%22&hl=sr&sa=X&ei=UR0SU-_fLeXOyAOFhoCIAg&redir_esc=y","data:image/jpg;base64,iVBORw0KGgoAAAANSUhEUgAAAC8AAABOCAIAAAA/7dgEAAAACXBIWXMAAAGxAAABsQFhmCgOAAAJ8UlEQVRoge2aW2zT1h/Hjx2nDUns5tpc6jBaelnTQbgIxqQKECBxGQwQg76A0AQIiZfxABISRUwaPCGB2DSxgSZAjIk+gLhNm2DrYNxSlKXQNilNCSFx0yRNb6nj2HHseA/+K9pokt6ptj/fp+jYPufj3/n9fv6dcwKl02kwdkEQBAAQBCHPVVG57sn6FJROp//+8PQKnm6Af+gdTW5NIU3Gf4c7siAIWb0bmTqaPMGR69LUzpRogNHH7PhpRpNIxpo7xk+TZ6SsjjK1NHk0HDR/7p5amlwaceL+b/LNOPQ2st/oNYbsR5Lk48ePDQaDRqNRqVQYhvE839HRodPpksmky+XCcRzDMJqmfT4fDMMWi6WsrKywsHBKaEKh0Llz55YvXz5z5kyWZT/99NNIJHLlypWFCxdKpdJbt26tWbOGIAiSJF++fEkQxP79+6urq0ffPxjTTCmVyqqqqiVLlsyZM6e1tbWtrW1gYCAajXq93uLi4lmzZlVXVzMMQ1GU0WiMx+MkSY4JZWw0giDwPJ9MJgVBSCaTbrc7GAyaTKaenp6+vj6v1/v9999DELRo0SKVSrV+/frm5uaHDx9OFQ0AQCqVdnV1EQRRUlIies/ixYtNJtPAwIBarY5EIjzPK5VKmUy2YsUKi8USDAZpmh5NzzzPAwCyV6KCIAxvTCaTLS0tUqlUrVajKErTtEqlgmG4p6cHhmEIguLxeDAYxDBMq9XiOM6ybCwW0+v1BQUFo6GRSCTv6uLcGkOEsyw7os1TqRSCIBAEpVKpZDLJMEwymdRoNENDQwUFBWq1miAInU43Y8aM7DRZXSQjp9PZ0NBw6NAht9stk8kCgcDs2bMhCHI6nbW1tXa73Ww2EwSBoqhGoykuLm5paQmHw5s3b6Yoyuv1BoNBi8VSWlr65MkTlmU//vjjjo4OmUyWi2aEmWJZ9vz5806nMxAIVFRUkCT57bfftre3OxwOkiRdLhdBEH6/P5FI+Hw+MZ7tdntDQ4PX66Uoyul02u12GIaXLFny6NGjq1ev4jiu1WpzDQfnd2GDwSCRSLxebzqdxjBs7ty50Wi0q6vLZrMVFRXpdDqVSoWiqEQiIUkyHo8vWLBg9+7dIiiKolqt1mazVVVVWa1Wm83W399vMBhg+H8mGP4hy24bjuNaWloAAAzDiKP+/PPPAICCggKj0ajVahUKBUVRwWBwYGAgEol8/fXX0Wh027ZthYWFH3zwwZ49e6qrq0mSTCQSRqPR4XAkEgm9Xs9xXCqVyowy3BCSo0ePZjVPJBL57bffaJresGHDsmXLBEF4/fq1VCqtra2tqKgIhUJ9fX0oiuI4DkGQUqnkOI7neY7jMAwzm80Mw/A8X1hYKAgCx3EWiyWVSsnlcqvVmuc7mjPfsCwbDAbVarVKpRJbhoaGMAwTf1MUxXGcQqFAEESECIVCLMvqdDqNRpPpRPyYIAiS6TN/VI42+3V1dUWjUQRBcBxXq9WZ9ubmZr1ej+P4G/czDONwOEwmU1lZ2YMHDwwGQ2lpaR4UMbRHiPC2trbLly+3trbeu3cPRdF169bV1NRgGKbT6WbNmuXxeA4cOGA0GtesWcMwDI7jdXV1BoOBIIjPP//8xYsXZrN5wYIFN27cCAQCcrl87dq1J0+eLC4uzmIVCAIAIHlQGhsbv/zyy7Vr1/70008ymezHH380Go1nzpx5+PChXC4/ePAgDMNbtmzBcdxms3333XcnTpxAEGTfvn2dnZ2NjY2xWGz79u3l5eUAAJZlu7u7L1++XFpaeuTIkVxGymkbjuPOnj1bXV3t9/tFdpfL9fvvv7MsC0GQx+N59erVnDlz6uvrMQxrbm6eP3/+0qVLd+zYAQBYtGjRV1999ezZM7PZfOnSpdu3b0ul0m+++aarq+vZs2cDAwMGgyE7TS7bcBz3/Pnz1atXV1ZWAgBomm5oaKivr7fb7bt27aqrq9NqtR6P5/jx45FIxGaz1dXVMQxjt9sfPHhw7dq1qqqqiooKj8dTWVkpk8kYhgmHwxqNxmw25/GenLkYQRCj0Xj69Ol4PL5///76+votW7akUqkvvvji2LFj4XAYAHDnzp1Tp04VFRUtW7bs5s2bly5dikajM2fOVCgUPp/PZDIdPnx49erV4guLtcemTZv+HgRvKF9MNTU1rVu3rr+/HwAgl8t37tx5/fr1UChUVlbmcDjUanV3d3dDQ0MsFksmk2fPnqVp+syZM1VVVXfv3nW73SRJ+v3+trY2AIBKpdq4cePevXs/+uijXCgj0IiKRCI+n6+trW3Xrl1Pnz7t7++vra1FUfSN2zo6OmianjdvXqbF7/e/evUqmUyazeaamhqJRJJnlCw0YgE24jNTp3/4zVtDybXwm7ba723vtOXR9Oy0jVU5afr7+91u9xuNFEURBCH+Hhwc/OOPP3799ddQKCS2DA0NNTU1Xbhwob29PfNIU1NTb2/vKGlyzhQMwxcvXty2bVtPT8/s2bPFjHz//n2Xy3Xw4EEAAARBLMu+fPmSZVmTyQQA4DguEAg8f/5cLpcDALq7u91ud29v7yeffPLkyZP33nvP6XQiCLJhw4aioqLsg+aikclkGIb98ssvnZ2dYi4fHBx8/fq1eDQh0oTD4fb29kwkCoKwatWqrVu3er3ewcFBnucFQdBqte3t7alUiiRJGIaDwSBFUeOxjclkQlFUqVSKr07T9IcffkhR1IsXL/R6vUKhKCkpiUajfX19BEFYLBaapmEYrqysRBCEZVkcx8UlqVKpFN+hvLzcbDYPz5wZjZCLw+FwIpEoKyvLdQMAgOO4THU3QWWhyV9/Tamy+M00Lsv/JflmWvSOJrf+izTj2KjOqsmhmayk8F+cqcnSyDST5ROj0b/NNm/zszUJthGP2sf3X5U3NNG6pK+v74cffhCX3+Xl5StWrJhOmlgsdvv2bZ/P9/777y9evHiCNBONKYlEYjKZiouLe3p6wuGwx+MRdxHGp5Ftk9+LFQrFypUrrVZrb2+v1WpVq9VKpXLcNBDP85nt5PHJ7/cHg0GNRlNSUpKnAs8oT6U7wl46GEX2u3HjxmeffXb//n2ZTDYiCshr7EnIN1qtNhQKORyOiQf5JKw8rFbrvn37xK38MZ03D9fknN0lEgmJRDJBFDAR27S2tv75558Gg4HnefFQk6IoGIZVKlVtba1OpxtHn+O3jXj0LZPJ0ul0Op3mOC6dTouLTnHdznEcAABFURiGGYaJx+MQBKEoKp7paTSa4Vtp2W0TDocbGxs1Go3FYvH5fPF4fN68eaWlpS6Xq7OzM5FIiPGM4zgMwy6Xi6Zp8ZVqamqUSmUkEolGo7FYzGAwlJeXp9PpQCCQSqUoiiooKBAnVK/XT6ZtpkJvaadtlH/ygt5maTei/gILp9Ttxx1MIwAAAABJRU5ErkJggg==","7:08 a.m. Brent woke up both tired and hungry; his legs cramped and his back aching. The cats, also hungry, mewed and pawed at him. Rubbing his stubbly face, Brent mumbled into his hands, ""Sorry, guys, didn't think to bring a case of food.","Dark Journey"
"29E1VP9746OVMVYKKMH6I051RAOK0F","2DDUDD8XMB3VOCAU5LLTZ6T4EW9PE8","Find time stamps in narrative books/novels using Advanced Google Book Search","Use Google Book Search to find 60 time stamps in novels and narrative nonfiction and report author, title, sentences, create a bitly link and image source URL","data collection, books, google search, time stamps","$0.20","Sat Mar 01 17:23:36 GMT 2014","1","BatchId:1437442;","300","172800","Sat Mar 08 17:23:36 GMT 2014","","","2AXBMJTUHYW71W03LPYSGWM1BIFNIP","A33UJ3SXS0H7SH","Approved","Sat Mar 01 17:46:53 GMT 2014","Sat Mar 01 17:47:56 GMT 2014","Mon Mar 03 09:47:56 PST 2014","Sat Mar 01 12:23:32 PST 2014","","","63","100% (220/220)","100% (220/220)","100% (46/46)","7:43","https://www.diigo.com/item/p/qqpcbpqzcaasoposbzbcspqpcs","John Ramsey Miller","http://bit.ly/1hzkFDA","data:image/jpg;base64,/9j/4AAQSkZJRgABAQEADQANAAD/2wBDAAMCAgMCAgMDAwMEAwMEBQgFBQQEBQoHBwYIDAoMDAsKCwsNDhIQDQ4RDgsLEBYQERMUFRUVDA8XGBYUGBIUFRT/2wBDAQMEBAUEBQkFBQkUDQsNFBQUFBQUFBQUFBQUFBQUFBQUFBQUFBQUFBQUFBQUFBQUFBQUFBQUFBQUFBQUFBQUFBT/wAARCABPADADAREAAhEBAxEB/8QAHwAAAQUBAQEBAQEAAAAAAAAAAAECAwQFBgcICQoL/8QAtRAAAgEDAwIEAwUFBAQAAAF9AQIDAAQRBRIhMUEGE1FhByJxFDKBkaEII0KxwRVS0fAkM2JyggkKFhcYGRolJicoKSo0NTY3ODk6Q0RFRkdISUpTVFVWV1hZWmNkZWZnaGlqc3R1dnd4eXqDhIWGh4iJipKTlJWWl5iZmqKjpKWmp6ipqrKztLW2t7i5usLDxMXGx8jJytLT1NXW19jZ2uHi4+Tl5ufo6erx8vP09fb3+Pn6/8QAHwEAAwEBAQEBAQEBAQAAAAAAAAECAwQFBgcICQoL/8QAtREAAgECBAQDBAcFBAQAAQJ3AAECAxEEBSExBhJBUQdhcRMiMoEIFEKRobHBCSMzUvAVYnLRChYkNOEl8RcYGRomJygpKjU2Nzg5OkNERUZHSElKU1RVVldYWVpjZGVmZ2hpanN0dXZ3eHl6goOEhYaHiImKkpOUlZaXmJmaoqOkpaanqKmqsrO0tba3uLm6wsPExcbHyMnK0tPU1dbX2Nna4uPk5ebn6Onq8vP09fb3+Pn6/9oADAMBAAIRAxEAPwD8w9ATw88N1/bcupwygZtzYRxurHnhw7LgdORnr0455a/1hNewUX3vdfdZP9Clbqd1o3gDwdq1kNRj1PU2sSWBimutNtbgY4BCSXO4jOR90cDOe1eLVxuNpT9k4R5u6VSS+9Qt+PyNFGLV/wDIS5+FmhxWx26uyzsjTo0uo6YIzGGO3P8ApW4MV2HbjPJwCBkqOZ13LWGm3w1b3/8ABdrXvrt5g4L+rEV94B8I2OsWlhJrd6JZydxSbT5I41JAQmVLlo/72QSCBg4wauGNxk6Uqkaa08qib76OCfo7WYOMU7X/ACJNS8AeENI0v7fLqt7dRQui3C2l7p8j4ztbYgnLn5sEEKRg9eM1NLHY2tU9moJNp2vGol3V3y228736dAcYpf8ADHHa9F4VjsT/AGLcaxNe+cMfb4Io4/K2tk/I7Hdnb7YJ9OfWoPFuX79RSt0bbv8ANLTczfL0PcP2RvAQvdYsNa1Szsr7R9S1fT9NiiuEWQl4da0UzhlYYCmO8RfcM4PHXuJPbfB+maHJH4N1q+061vdUn1rw/d3EMljGyXfmxeE5bhpHz1aSaTK7SG8+UkjJDAHnen+H9F8N/tt3em2zxWuh2miFre4gtEuFWMaGGSUREgMTw3JHJznNAHo3wt+HOh3WtfC2yuNH0aK0vNS8XwXqYidovtdvqFtErqPmCRDT98bMoGd23lTgA0L2z0vUfiyUsdG0220abx7pF0F+xxGOW3d9BDFFGNrRGZFCsNrpfT4KlSHAPmHxr4n0vVf2cbULG+o61ceMrpf7bubWOGea0igEqK4VmwzSX0rMu5h8qDJ2igD2n4ZfBXR9X/YT+MHjTQ9b8RprHhjVNOvtOjW/ltbdXCWUk0rWytsZ1Eku2TqMIQeBQJXtqevfEz9mPQPC/wC2R8I/h82t+KZtO8R+HLvXdakk164aebUoreeXzhIWyrebY2xPfMKf3RgGfHvjTwvD4e/Zu+F/xHsr/U4/F+valq+lXt+b6QlrW2jtooYl5+VRHIyYHBXA6DFAGt+0ZpE/wrufg7J4e13XbZ/EfgPSvEN+76pMzNeXDXazMh3fKCJJeB/z2k/vtkA9j+K9t4O0X9sPwp8D/Cmn+L/D9la+P9Js9T1N/GVzcC+UyW8aSJDsXyJY1KhJA7MoRcEYGADi/wBrP4eeDZfhlqfjfwlB4i0aXTPiLqfhHUtP1nXG1WO9uI4Vk+3q7orLI4XDA7s/L8xxyAe7f8E+7O38f/s+a54HkyIvGevX3h7bIcZceHjKD9N1rn6UBsd74s8RHxb/AMFCPg5qW8SIdM8YwRuDkNHFd65Eh/75RaVyktGfEPxLXd+w18DR/wBTH4j/APbOh6IcFzSsaH7ZqFp/2dx6fCfQD/5EuaTdhwjzOx7d8eJfh/J/wU18KLoNl4kh8Zp8TNH/ALYn1G6t30+QfaLbH2eNIxIvOPvs3enfWwlFuLkYH7ZyeGI/2e9X/wCEDl1ebRm+MWtHXm8RJFHcLq32VPlthEWU22zfy535xwBTIOa/Yt/aO0L4OeHvBtvdxapNe6T8QW8QXosLJpgmnNpM9pK2R/F+8b5fQE9qluxrCm5ted/wN/wT8f8ASPD3xe+DPjLxBp2vQWfhbRNbs9al/suQlbm7uNRZAmfvDOoWwJ7GQe2Yu9DdxilUV+q/M4KOfwX4w/ZW8P8AgXW9S8SaJ458HXus6nBplt4ckuortriNJIkkl3r5I22zEttbC7jjC027xCEeSr5X/UtftD6j4K+IHgb4X6hb6n4js/HHhbwfp/hqfw7deHJI4HNn5j3UouTJ/AJGJXZwFySM8TN+6a0I2qtN9Gdd8W/Fnw91P9rnwz8bfDWqeLNWt5vGWl+INV0y68LS2wsrKMx3HmRyeY3nbooWcDauV5HAzWjXvXORP9015r9Tzn44fFjR9a+CHivwutpqtlq2qfFjUfFtot9YvCklhNahFO5ujgshKdg4NUYnz/oGo3mn3Ecdpd3Fqs0LeasMrIHB3LhsHkYJHPYn1rlqytCTXc9/A0ozr0oyX2W/xZfm8R37vJFf6rqc2nLcxiSKO6bOzKs20MSAf3aYyOqL6CoUpuKUN7Pfa/S4sVRhTVd2+1Ffg2ez3fgzQrzUPiBNoOveL7efRvCa+J5TqdxHuuDK1kkMTsn3gIb+UMTjrgcE5+JhnGYUo4VYlQftq3svd5tOVVeZ6+dNWWul7+WLlGNST5dlez82i747+HVj4K8P+Jdc1bXfFN/dWepf2DZpDfocy3Wli4Lylgco3KOoIJTAOTWWCz7GZjiKGHpKCUoOpJvm2jV9m0td7bN3V/I3Ub1HyRu9kum1/wADwCHxbrq6fPIut6irB4hkXcn8KMi9+yMVHoCR0r9Db/eJep59OmnhKk3unH9TJ1HWtQ1cob+/ub3Ycr9omaTHyqvGSf4UQfRVHYVqcBYspdt8D2WID9BXLUV4fM9/CVOXFJ9opfght9OJIZj3aRT/AOO06cbSXp+pGLqqdOb7yi//ACU+v7CWz8M+K/iLqN7pNrr1nJ8E9BuZNNvHmjhmzFoibWaGRJMZXdlWU5/X8aqqpi8NgqNOo6cljq6Ulytr3sS9FJSj5apnO5LmlJq/ur/20T4x+JYLX4WfEia+8M6dfNe+PYbezS5e6RdPB0lxDNFslUs6ptx5u9TkkhutVk2FnLMsFGnXkuXDtysoPn/fK8XeLsm735eVro0bwlJTfLo76eWh8eRtjTLhe+8Gv2V/xEzGm7YKpHzX6H1F+xV+xNf/ALQOpQeKfFEc2m/Du2uRCGBKS6xMGwYISOQgwfMlH3QCF+bJTtp0+bV7I8ls+d5/Ck9j4C0zxabuF4NQ1O70xbVc+YjQRW8hdu2GFyAP9w14scXGpjZ4Hld4QjO/R8zmreq5NfVHdGUoL2/dtfdb/M7u1/Zv17UPGPw+8OjULRH8Yx2ssN0yv5dqJbWC5O/jLFIbmJiF65xXgz4lwtLCYvGODth3JNaXlyzlDTteUJJXKcJ1HGH81vyR6tJ4S1TVtU1wzfErR4NG1H4c2SR6lLolwGudDguIof8AVIGMcsbWUeeSWHTOTj5NYujRp0uXAzdSGJm3FVI6VpRlL4m1eMlUdtknvsXyNt3lo49un9IyvhN4o8Q/F7w58Q9O1bXvCljos13ZzXF1regm723M4FhBJBsQtCVUr84GRnPWuvOcJhMnxGDrUKVWVRKaShU5fdj+9kpXaUk30vrtsTSlKopNtW03XyR2H7Lf/BPHWviT4j1y/wDiDcP4d8D+GtRe2v5lVlbUjE7LKkDkDC5QDeRnDcDNfpeDqfXYUMRSg+SpFSV9HZpNXXnfv0+Zyym4RlTfc/Vr4K+EbfUvst7Z6ZFonhyxgWz0bSYE2RWlqvC4X+82ASevT0r2cTJQXso/P1OaPc/CHVbVv+GavCUwU/vPF+sRjnriz0w/+zV8LRkv9YcRHtRpf+l1v8jueuHilvzP8on1F8d4PEvwv0zwj4t06wDap4R8bxWum2wkSdp4F0bT4QjxxsSoP9lurKwBwWr8q4flg82qYnAVp+5iMO3N2as3XqyunJJNr2yaaurpHo4uMqFVuK+GTS+Vl+h5nf8AhbTvCvj/AOIMugNO3hPX/h5c63okE77ntbS4WOUW5648qQSR++zd3r6yliq2MwOEWLt7eliI06jW0pQbjzf9vxtLyvbocbhySbWzjdeh7h/wSs8I/DHx5a+JNJ8QQm58SfaLeWSyumxb3MSMZIGX1ZHUnaMdFPOOP0mcMHPEUnWS9qublv5pKVltt87X8ziTnyO22l/0Pv7xLdp4/wDFlp4K0eJYNBsGVr1YFCoxHKxAD8z7fWvpFbDUvaP4nsc/xOx9C6HpMWi6dFbRKFCqBwK8Vu7uzU/m88G/GLR9E+HWm+FtX8GR6/PpmuTa5YXz6i8IjeVLVJI3iCkOpFoo5P8AEa+TxmSYjEZhPG4fE+zU6apyjyp3UXNpqV007zfTodNOtGEVGUb2d97dv8joPBf7VOq+E/H+teKZNFt9Qm1TxfH4snt3nZFDbL2OWBSBwHW+YbuxjU4PIrz8bwjQxmBpYFVHFQouinZPrTcZPXo6a063eqKWIcZuVt3f8/8AMyNS+PRn1e7ls9AW104+Em8IWdpNeGV7eArjzWkCLvfJYn5VHzdq7qPD1qUY1Kt5+29s2o2TlfZK7stEt2xSxHNstErI3/2NNO8SeKfihH4Y8L20LahfTWd619PcmJbFLS7iuDNgcycIU2ggnf1GM17OLy+WLq0a0KnJKnza2T+KLj17Np9b2s9GZwqKMJQave34H7ufB7wPFokV1qMiI11dSGaR1/iduSfxr3K1Z1Xd9DBKx6fXOM//2Q==","At 7:43 A.M. Alice Palmer parked her battered Toyota in the student lot and walked away without locking it. Investigator Todd Hartman moved at an angle across a grassy knoll to intercept her on the walkway leading to the nearby campus ...","The Last Day"
"2C8VJ8EBDPGK6966JBQ92NDWJE80FU","2DDUDD8XMB3VOCAU5LLTZ6T4EW9PE8","Find time stamps in narrative books/novels using Advanced Google Book Search","Use Google Book Search to find 60 time stamps in novels and narrative nonfiction and report author, title, sentences, create a bitly link and image source URL","data collection, books, google search, time stamps","$0.20","Sat Mar 01 17:23:37 GMT 2014","1","BatchId:1437442;","300","172800","Sat Mar 08 17:23:37 GMT 2014","","","2REVHVKCJ01655IYDM0K1W61DWL68Q","A33UJ3SXS0H7SH","Approved","Sat Mar 01 17:35:54 GMT 2014","Sat Mar 01 17:37:07 GMT 2014","Mon Mar 03 09:37:07 PST 2014","Sat Mar 01 12:23:34 PST 2014","","","73","100% (220/220)","100% (220/220)","100% (46/46)","7:59","https://www.diigo.com/item/p/qqpcbpqzcaasoposbzbcspqpcs","Ann Coulter","http://bit.ly/NgB7Oy","data:image/jpg;base64,/9j/4AAQSkZJRgABAQEADQANAAD/2wBDAAMCAgMCAgMDAwMEAwMEBQgFBQQEBQoHBwYIDAoMDAsKCwsNDhIQDQ4RDgsLEBYQERMUFRUVDA8XGBYUGBIUFRT/2wBDAQMEBAUEBQkFBQkUDQsNFBQUFBQUFBQUFBQUFBQUFBQUFBQUFBQUFBQUFBQUFBQUFBQUFBQUFBQUFBQUFBQUFBT/wAARCABPADQDAREAAhEBAxEB/8QAHwAAAQUBAQEBAQEAAAAAAAAAAAECAwQFBgcICQoL/8QAtRAAAgEDAwIEAwUFBAQAAAF9AQIDAAQRBRIhMUEGE1FhByJxFDKBkaEII0KxwRVS0fAkM2JyggkKFhcYGRolJicoKSo0NTY3ODk6Q0RFRkdISUpTVFVWV1hZWmNkZWZnaGlqc3R1dnd4eXqDhIWGh4iJipKTlJWWl5iZmqKjpKWmp6ipqrKztLW2t7i5usLDxMXGx8jJytLT1NXW19jZ2uHi4+Tl5ufo6erx8vP09fb3+Pn6/8QAHwEAAwEBAQEBAQEBAQAAAAAAAAECAwQFBgcICQoL/8QAtREAAgECBAQDBAcFBAQAAQJ3AAECAxEEBSExBhJBUQdhcRMiMoEIFEKRobHBCSMzUvAVYnLRChYkNOEl8RcYGRomJygpKjU2Nzg5OkNERUZHSElKU1RVVldYWVpjZGVmZ2hpanN0dXZ3eHl6goOEhYaHiImKkpOUlZaXmJmaoqOkpaanqKmqsrO0tba3uLm6wsPExcbHyMnK0tPU1dbX2Nna4uPk5ebn6Onq8vP09fb3+Pn6/9oADAMBAAIRAxEAPwD7n8S+JPE1n4g8T2OlaZIunWvhOWfTrn+z1kj/ALSjQOApwS5Kyp8pGD5ZAyciuOc6inJRWltPU+hwuGwkqFGdWS5nUSkr29x6fLZ676mXa+LPH0tz4BabRDEmo3l3DrUIsFP2RF1BEiO7bwBEHTPcPv7ZrNVK14XW97/f/X5nVLCZcliLTvyqLg77+42/xs/Jrl6neeKby/s/ib4U0+3WaDRrmGdp1g0xZ455BtwksmP3IClmDAjJGMN0recpKpFLb0PKoUaM8HWqSSc01a8rNLXVLr2/yPNLrxn46t/APiLUVsbp9SttWlt4B/YoLqhtHKoqCP50Fx5ah8HPQsea5nVrKDfW/by/zPcjgsvliqcG1yuKb97+8rtu+j5bu2nodh4l1jW20v4jWtiLi11XTHhl0poNNRyYjbW7HaXiZJMymYEckcjjArac52mluttPJHmUMPhlPDSmk4yvzXfXmktbNNaW8ip4i1fxJZX/AMSrez8+SXTbCI6LH9hjIkcwRlpB/o+HbzGYffYdR5Y25KlKonUt0Wn9W/rsaUaGElHCymlaUnza9LvT4tFbyX+LU7XwHYHXfBejXviDTbaXWJLZftPn2iq6vk5UjYOR0OAATkgAEV00pScE5PU8fGxhTxM40PhT016HWWCj7Db/APXNf5CtDkKL+FNMkmjlaBy8ZJXM8mAS288bsHn/AA6UAQHwPopt3h+yyeW7BiPtEucjpzuz2oA5H4r634X+F/hqfWtRtJJ5JGWGGAXTp5jhQBzu+UBUBLY6A9ScHCtWVGPMzejSdafKj5g8L/ts6Onj9NN8XeF207w3dTxLHrUU9zGEcuQpZJG+dAc7iMcc4I4rjpYmcvjS+R3VsHGC9x/efbej6PY6TbstihWKTDZMrSZ4ABBYntivTueVYvFAf/10CsiHT/8Ajxt/+ua/yoGWKACgD5B/bb8UXcfizwhotjaDUbgFJktGmESuWctktg4x9nB6eo715GMknNRbse1l8Wryirs+WP2jrXVfFvhqdjp1rbQRmJIr03WXEp2fJs29Pm657ZrjpOMZKTep69aMpRslp3P0Z/Zr8QTeJfgV4MvLmXzrlbBbWSTOdzQkxE/jsz+Ne3h5c1KLPlsRFQqyij0yug5yvp//AB42/wD1zX+VAFbxE18ugakdM/5CQtpfs3AP73YdnB4+9jrxQBwvwv1L4g3fiLxHB4ysUtdOhYDS5o/LxMnnTDc23JDGMQHBwPmPFAHxZ/wUH8VT6H47vdagBmm0GWwZYQ+3ep27kz2yHcfjXgV17XEuD7W/A97CSlToqcd7/qeHfFdtU1jwhFLpFne6hayvb3bGWJQ5UlThFT7x29/YYrlpOKqe87dD2K7dSFoI/Qb9g/xND4l+ANqIZBILHU7y3ODnGZPNGf8AgMor28Hf2ST6Hy+Njy1n8j6JruOErWP/AB4Qf9cl/kKAPA/GOl/HubV9W/4R3VIbeweS4Fp5/wBjYoC92YiMx527TZjDZbKsSeSAAdZ8LYviVp+qapceOrxZtKS1ZoU/0cssolckjykX5fL2YByRg5OTwm7K4Wvofnr+0ff6h8YPHWoWJi23GuXNqXCDiNU2lgP91V/SvkY4h+2lWkfX06CSVOOx6PfDw/8ACj4cnV9WmMelaVaKFUj95IQAERc9WYhQB6nsBRRjKq+Xqzpr1I0o83REX7Lvjzxn4P0HUvHonLHxG39ot4bcBbRIOkW3AB8wxgEydTkZBxXfPEvCy5KeqW/meZHDLFx9pV0b28j9EtC1i38Q6Jp+qWbF7S9t47mFj1KOoZf0Ne9GSklJbM+clFxbi+hPp/8Ax42//XNf5VRJYoA8fXSPE3gWx+KHiLxVra6norW1zdadaJcSyfZoFNxIVKsoVTsaJcLn7hGcdc6jtBl01eaPyq0j9rXRtD8Um/m0e61WEQMsc67UkSQ99rdQRnuOtfPRymo03KVme/HM4QldRueY/Hz9oLV/jVeQQmJtM8P2Zza6cH3EvjHmyHgFscDsoJA6kn2cLhI4Zb3fc8vFYuWJfZdj7c+DXxF0b4g+GrE6NLG1rbWUELwR8m1YoQIn/ut8jYHcKSOK+ar0atKcufufU4erSqwjyPWx9p/s26uNQ+EmmWrSEz6ZLPYSL12BJGMY/wC/TR/nX0WAmpYeOu2h8tmEOTEy031+8qfEL4V+JvHF9Z3Wk+KpdCtUSycJE8oJaNyz5CsBhgVHqcHpwa7zhOZ074AeOtPeU/8ACfSPC8FzEtuzz4jaW3t4QwYMB8hgdwNo5kONtACX3wk8QeDPC/jrUNT8TTa3Y3unBF0x3meKBUk3OymR2OWjADepBPeuPGJvDz5d7HbgmliIc3c/Gb45+E7XwP8AFbxLo1ihhtLa6zDGeiI6rIoHsA4A9sVphajq0YyluTi6apV5Qjtc8+Mh7nAHeus5D9b/ANk39ma58A/saw6hc2hj8W6/dxeI2hkwriMjy4IfqYWZgp5DykVw4qi69Nxiteh3YOuqFZSlt1O7034HaZqQuJ7qa6luzKRMbXUpreMOAMqBGCGx0LeoI7Cqo5dRoQUa13J66f8ADo0xOOlXqc0FZbH0NqnxQ8IeD7zStI1zxLpek6nexIbe0vLpI5JAeAQCehPAPc1cq1ODUZSSbIoYDF4mnKtQpSlGO7SbRY1D4o+ENK8V2/hi88S6Xa+IZyoi0yW6RZ2LfdG0nOW7Dqc8UOtTjPkclfsEMBi6lB4qFKTpreVnbTfXy6nCfFL9oDwdpeh6ppun61o+vaoHexutKivUaWNcMsu5FO4bcEHpjvXPXxNNRcYtN7WudlDKsX7tapTlGGjUmnby121PzN+LPwZ8B/Ezx/d6vP8AEmz0vU9QEQNrJPAxYpGsQ2rkN0QHvzmvPw+IqUqdoxvFdT0cZl3NiFCpdVJW922vyW5heG/2QPBWu6zFplp48utV1CVv3NrZRxrLJyBkKykkZI56V0U8ViK7tSimYV8pjg7PE80b66q35n6V65r3iO4tdH8N3l8lx4ouYgJGtEEaafBja0mASPOYZXd/Dk7AuWLfTYWDp0/a1rafi/8AJfj+B85VcHO1PbzPXvDPgu10nRLW12bRGgAA+lcU5OcnJknwr+0jqenaP8Yfidc63o+l67ENF0kW9lqdy8DtH+43GBo2V9wfkhSPl354zXzGLko1qjkk9Fv+h+08P06lXLcHChOUPendxSff4rpq1u/Wxi/EuS3m+IXjhpBbr4kk8baC1grkG6ERgn/1ZPzleYckcfcz2rKrb2kr780f1O3L044Oha/s/ZVebte8d+l9/wASLU9c0fwz8RLvV7gWzXmm/FDU725UbfPNhGFeTPfy8K/Xj73vVRs66S35/wADCs5rLJuV+T6rHvbm1t5X28z48vtSlv8A4t+DpNfguR4VtJUaR7eH5YvNJMgD45OQuAT2966sHKjHDyjU6vVdbHkZ3RxzzujXoxaSjG0re6pWe7tbex+p/wAOtN+Gfwk+F8XirwhDb3yXkZ8nUd3mzzsTjbuPKndxsAGDwRkV9ZhacKtoUUlDy/X/AIJ+a5jWxdSvL6625pvSTel9dOy7W0O/+B3g25mS48S6yPM1TUH82UtzsH8KD2Uf1oxdZTlyQ+FHnRXU9nrgLPmrVPC+heOPsGpa3pNjrdylqIYri/t1mcRMvK5YE4+Y8dsmonRp1HecU36Hfh8wxeEg4YerKCbvZNrUsXPhXRb3xJa+ILjSbKbXLUIINRkgUzx7BhMPjOVHQ9scUOjTcudxV/QUcfi4UXh41ZKD3V3bXfTzKU3w68K3NxqU83hvSZZ9SSWO9leyjL3Cy5EodiMsHDNuz1yc0KjTjLnUVfvYKmPxdWkqFStJwVtHJ2020vbQzbj4K/D+6iEc3grQJIwQQp06LgjoR8vGKlYeindQX3I3lmuYTSjKvNpf3n0+YzwP8IbO11F9LsbO1s9BW9F1DawKEHmgbd+0DGccZ74HoK7aUlh4ONNWv2OCvXq4mfPWk5Pu3c+ptOsY9OsobeNQqxqBgVzmJZoA/9k=","American Airlines Flight 11 took off at 7:59 A.M., so obviously nobody knew at 7:59 that any planes were off-course, much less about to attack the nation. Air traffic controllers in Boston first notified higher-ups that Flight 11 had been hijacked at ...","Godless: The Church of Liberalism"
"2CO6RLPHIT3MGZLPEXX2YJQ22XEH9K","2DDUDD8XMB3VOCAU5LLTZ6T4EW9PE8","Find time stamps in narrative books/novels using Advanced Google Book Search","Use Google Book Search to find 60 time stamps in novels and narrative nonfiction and report author, title, sentences, create a bitly link and image source URL","data collection, books, google search, time stamps","$0.20","Sat Mar 01 17:23:36 GMT 2014","1","BatchId:1437442;","300","172800","Sat Mar 08 17:23:36 GMT 2014","","","2YV3FDEY5CO1LORLTIZC2FLCB452TV","AMMTPFOPT7RCU","Approved","Sat Mar 01 17:44:44 GMT 2014","Sat Mar 01 17:46:57 GMT 2014","Mon Mar 03 09:46:57 PST 2014","Sat Mar 01 12:23:33 PST 2014","","","133","100% (18/18)","100% (18/18)","0% (0/0)","7:48","https://www.diigo.com/item/p/qqpcbpqzcaasoposbzbcspqpcs","Steven Miles","http://bit.ly/1ciEKPE","https://encrypted.google.com/books?id=_QHAeAynrXYC&printsec=frontcover&img=1&edge=curl&h=80&w=52&zoom=5","Nov 2, 7:48 AM. Major Dinenna writes: ALCON [All Concerned], Have you ever experienced about 80 prisoners standing in line at 2130 hours at night, cold and being told the venders do not have any more food? Well this is becoming a nightly ...","Oath Betrayed: Torture, Medical Complicity, and the War on Terror"
"2JODG67D1X30LIVU63B2UE1M8FWHAZ","2DDUDD8XMB3VOCAU5LLTZ6T4EW9PE8","Find time stamps in narrative books/novels using Advanced Google Book Search","Use Google Book Search to find 60 time stamps in novels and narrative nonfiction and report author, title, sentences, create a bitly link and image source URL","data collection, books, google search, time stamps","$0.20","Sat Mar 01 17:23:36 GMT 2014","1","BatchId:1437442;","300","172800","Sat Mar 08 17:23:36 GMT 2014","","","2ZYAUC26DG6CY48XPF6KBCOK7SW5CG","A1CWDSIO5YOANA","Approved","Sat Mar 01 17:42:52 GMT 2014","Sat Mar 01 17:44:04 GMT 2014","Mon Mar 03 09:44:04 PST 2014","Sat Mar 01 12:23:35 PST 2014","","","72","98% (41/42)","98% (41/42)","0% (0/0)","7:47","https://www.diigo.com/item/p/qqpcbpqzcaasoposbzbcspqpcs","William E. Burrows","http://books.google.com/books?id=9okgAQAAIAAJ&q=%227:47+AM%22+inpublisher:%22Random+House%22&dq=%227:47+AM%22+inpublisher:%22Random+House%22&hl=sr&sa=X&ei=OBwSU4nJJai6ygPpu4DoBg&redir_esc=y","data:image/jpg;base64,/9j/4AAQSkZJRgABAQEBJgEmAAD/2wBDAAMCAgMCAgMDAwMEAwMEBQgFBQQEBQoHBwYIDAoMDAsKCwsNDhIQDQ4RDgsLEBYQERMUFRUVDA8XGBYUGBIUFRT/2wBDAQMEBAUEBQkFBQkUDQsNFBQUFBQUFBQUFBQUFBQUFBQUFBQUFBQUFBQUFBQUFBQUFBQUFBQUFBQUFBQUFBQUFBT/wAARCABOADQDAREAAhEBAxEB/8QAHwAAAQUBAQEBAQEAAAAAAAAAAAECAwQFBgcICQoL/8QAtRAAAgEDAwIEAwUFBAQAAAF9AQIDAAQRBRIhMUEGE1FhByJxFDKBkaEII0KxwRVS0fAkM2JyggkKFhcYGRolJicoKSo0NTY3ODk6Q0RFRkdISUpTVFVWV1hZWmNkZWZnaGlqc3R1dnd4eXqDhIWGh4iJipKTlJWWl5iZmqKjpKWmp6ipqrKztLW2t7i5usLDxMXGx8jJytLT1NXW19jZ2uHi4+Tl5ufo6erx8vP09fb3+Pn6/8QAHwEAAwEBAQEBAQEBAQAAAAAAAAECAwQFBgcICQoL/8QAtREAAgECBAQDBAcFBAQAAQJ3AAECAxEEBSExBhJBUQdhcRMiMoEIFEKRobHBCSMzUvAVYnLRChYkNOEl8RcYGRomJygpKjU2Nzg5OkNERUZHSElKU1RVVldYWVpjZGVmZ2hpanN0dXZ3eHl6goOEhYaHiImKkpOUlZaXmJmaoqOkpaanqKmqsrO0tba3uLm6wsPExcbHyMnK0tPU1dbX2Nna4uPk5ebn6Onq8vP09fb3+Pn6/9oADAMBAAIRAxEAPwD9U6APzR/a6/4KAfE/4KfGrxP4U8OWPh6TTdNuI44WvYbmSUhoo3yxWZV6ue3pQB4mP+CsvxwXg6P4QP1tb3/5JoAkH/BWH43NwdI8Ig/9et7/APJNAD0/4KqfHGQAjSPCvJ7Wt7/8k0AS2f8AwVN+N05mMum+GhGib8ra3WRzjvORQB+xKuu1SMYIyMmgCWgD8Qv+CgVzt/ac8c3cYDNHf25Ab1FrAefxzQB87S+NNQmmEjpbjHG0bgD+Ab+VAF3RdUn1uYw3FxaQrEGYSzbsrnsPmFAG1De3kLqIrvT5j5fklWBOAeMH5upBoAn077Q9hqWdSslH2V1ZWjw7ADoOeCc9qAP6DtNffp1q396JD+goAtUAfhz+3vl/2j/iGobcFvYfz+zxj+lAHgXgi4sYNeA1KS3htGjbMtzGXCsBkEAd80Aeh6a1jJcrN9msJ7Bo1lSZNOeR2YdRkADGAPrmgCzNZWl1b2c5sbdIbpM/LppO7LZAXHQjFADY7C3XRdULRxuW0/asraaFbC+YVIdeMnaPwye1AH7z6BN5mg6a5HL20TfmgoA0qAPw0/bel+0ftN/FeHBxHq6ZGOg+zw4/maAPmvZ8xXuDigDpNM8S+IQsdrZapeBVQokMcmFC+gH4UAXpB4yktIA09+8Fscxqs4Jj9wAcjvQBJp974mNrqIkubz7KsKrMjSfLt5UDb9GPQdCaAP6FvDwx4f0sf9OsX/oAoA06APwx/bOXH7Y3xgs3JIbUYJQPXdaQ5/Q0AfPV5ZSQSsGwdnp/EvYigB9hL9muIZ9obYchTnn8qAN1vESO3yaeiE54Ez7fyoAt6bqaTLdouloHlhK7hK+QcnnGaAP6F/D3GgaYOuLWL/0AUAaNAH4b/t6Wzaf+2Z8TNQi+ZUvLPevrmyg/rmgDy2bTLfW7OGWCRQ/JQeh6lD7Ht+XpQBzsnh+ZHZYkIfPMJPzfge9AEK2M6ybWt5Q3shoA6Hwt4R1XWLx0s9Hv7pmGB5cLkfoKAP6EPD6mLQdNRhtZbaIEHt8goA0aAPyN/b20HStZ+PHjbV9PJku7KW3s9YtjncFNvG0coHphsfhmgD5Ms1ufCl7uUG402X+JRnigD0nwjpWneMr+2t47i3lMrBVW5YqQT/tYzge/50AfZnw0/ZQvtFtorlUnkaRc5+1WsiAY7b26fhQB1/iDSPD3w3t5zretWNozjm3lusnjv5UeFP50AfaunmOXTrR0+ZGhQqwGMjAxQBcoA/Kv9qPb4h/av8f/APCLxRHxfpKwRXmjykBNZtGt434B6yLuI9wPagDxvTvhTH4wtbm68EHfcLn7b4cv28ue3cfeVVPXvigDovgb+z6+v+NXGt6XrOhC0/eMYosYI96APozWdbCTnw/oWreL9WlhGwwWicD2yVH86AMjwr+ztcav4lXUfEcUWnBm3btbnNxcuPRIBkg/pxQB+jFqBBaQRjJCxqAduO3p2oAs0AfiX/wUEj1TQf20/GmuaLdSW91GtlIJIDh4yLaMHp24/DvQBh+Ef2jNF8T3Vr/wsPRJZdSTaieI9GkNteAdAWK8P+NAH17H+0z8Ofhz8Obbw34a+J2rza1eoLiXU5bNLyS2DdYyWwN3agDiY/2ofCOmh/O8WeOPF8p+ZobcQ6dE59CYxn9aAM23/aT8T6za31h4L0Ow8C2lwC0+rtIZrxlPbzpMkE+1AH6maO7HSLEu7SsYIyXPVjtHJ96AL9AHx78dP+CeOhfG34vav49uvFOr6Te6gkMb2tpJGYwI0CD70Z64z7UAY3hv/gl18PND1mDUL3UtX1Z4SG8uS6WFS3qfLjBJ+pNAHT67/wAE5fhprd2swfWLRFyxigvYwGY9y3kbifqaAIoP+Cbvw5toBHDfa+jZz5ov4S/4FrY4/WgC5pP/AATy+Hem6jHPc6h4l1KFOWtLrVI/Kf2IS3RsewIoA+poYVtYI4YlCRooVVznAAwBQB//2Q==","At 7:47 a.m., Voyager 1 made its closest approach to Io, passing at a distance of only 13,670 miles. Champagne corks could be heard popping in the particles and fields science offices as the spacecraft sliced through Io's inner magnetosphere ...","Exploring space"
"2JV21O3W5XH54S0MCHBYPPLSQXHBHO","2DDUDD8XMB3VOCAU5LLTZ6T4EW9PE8","Find time stamps in narrative books/novels using Advanced Google Book Search","Use Google Book Search to find 60 time stamps in novels and narrative nonfiction and report author, title, sentences, create a bitly link and image source URL","data collection, books, google search, time stamps","$0.20","Sat Mar 01 17:23:36 GMT 2014","1","BatchId:1437442;","300","172800","Sat Mar 08 17:23:36 GMT 2014","","","2WS5BMJTUHY1NJ4J361735WM6FQMHV","AMEMFG7OIAS61","Approved","Sat Mar 01 17:37:41 GMT 2014","Sat Mar 01 17:40:39 GMT 2014","Mon Mar 03 09:40:39 PST 2014","Sat Mar 01 12:23:35 PST 2014","","","178","100% (247/247)","100% (247/247)","100% (50/50)","7:49","https://www.diigo.com/item/p/qqpcbpqzcaasoposbzbcspqpcs","BDD","http://bit.ly/1bVh17s","http://bks3.books.google.co.in/books?id=mo_t8VymevUC&printsec=frontcover&img=1&zoom=1&imgtk=AFLRE70lw_f9XoSkVEzvk-bLRw3vw6vJSwTowZNnsw_LQsHO0vZGXdWrwWkg_XunWKc5yTOLzhaQIaGstAAtRXh-CZ5mSqpiZ-HdZ0KrihhLGkMGoBQfUf8","One problem is that secrecy may rankle some people around you who are not among your confidants — but an inner circle, by its nature, is small. Saturday, November 10 (Moon in Leo to Virgo 7:49 A.M.). A private problem may be the source","Virgo 1991"
"2L179KQW618SP95R9R44GXCEUDPMKS","2DDUDD8XMB3VOCAU5LLTZ6T4EW9PE8","Find time stamps in narrative books/novels using Advanced Google Book Search","Use Google Book Search to find 60 time stamps in novels and narrative nonfiction and report author, title, sentences, create a bitly link and image source URL","data collection, books, google search, time stamps","$0.20","Sat Mar 01 17:23:34 GMT 2014","1","BatchId:1437442;","300","172800","Sat Mar 08 17:23:34 GMT 2014","","","27EB3Q39Z0BBFWZ0NJ5V3TVRPP5KVD","AZMJHIX05LZ7D","Approved","Sat Mar 01 17:32:48 GMT 2014","Sat Mar 01 17:34:54 GMT 2014","Mon Mar 03 09:34:54 PST 2014","Sat Mar 01 12:23:33 PST 2014","","","126","100% (71/71)","100% (71/71)","0% (0/0)","7:06","https://www.diigo.com/item/p/qqpcbpqzcaasoposbzbcspqpcs","C.D. Payne","http://bit.ly/1oetnrB","data:image/jpg;base64,/9j/4AAQSkZJRgABAQEAPAA8AAD/2wBDAAMCAgMCAgMDAwMEAwMEBQgFBQQEBQoHBwYIDAoMDAsKCwsNDhIQDQ4RDgsLEBYQERMUFRUVDA8XGBYUGBIUFRT/2wBDAQMEBAUEBQkFBQkUDQsNFBQUFBQUFBQUFBQUFBQUFBQUFBQUFBQUFBQUFBQUFBQUFBQUFBQUFBQUFBQUFBQUFBT/wAARCABQADUDAREAAhEBAxEB/8QAHwAAAQUBAQEBAQEAAAAAAAAAAAECAwQFBgcICQoL/8QAtRAAAgEDAwIEAwUFBAQAAAF9AQIDAAQRBRIhMUEGE1FhByJxFDKBkaEII0KxwRVS0fAkM2JyggkKFhcYGRolJicoKSo0NTY3ODk6Q0RFRkdISUpTVFVWV1hZWmNkZWZnaGlqc3R1dnd4eXqDhIWGh4iJipKTlJWWl5iZmqKjpKWmp6ipqrKztLW2t7i5usLDxMXGx8jJytLT1NXW19jZ2uHi4+Tl5ufo6erx8vP09fb3+Pn6/8QAHwEAAwEBAQEBAQEBAQAAAAAAAAECAwQFBgcICQoL/8QAtREAAgECBAQDBAcFBAQAAQJ3AAECAxEEBSExBhJBUQdhcRMiMoEIFEKRobHBCSMzUvAVYnLRChYkNOEl8RcYGRomJygpKjU2Nzg5OkNERUZHSElKU1RVVldYWVpjZGVmZ2hpanN0dXZ3eHl6goOEhYaHiImKkpOUlZaXmJmaoqOkpaanqKmqsrO0tba3uLm6wsPExcbHyMnK0tPU1dbX2Nna4uPk5ebn6Onq8vP09fb3+Pn6/9oADAMBAAIRAxEAPwDn/D02hQ2PlanpV5d3RlLCe1vBDhMKAuCjDsx6Z5HPHP7RWjXcr0ppK3VXPzeEqSjacW2eJeNfid8P9R8e3/m+HdV1vTFtmtrZDrAhe2kBIMqlYirA5HDKclewOB+QZti543FSc5XjHRW0XyXmfpWXYVYbDxUVZvVmBpWt/DGazd5fBfiWecyKGL6/A0Z4wQALUYXJzjg8AZ658RtJ6o9W0u5K8fwxg1l3h8J6rcWa5ea2m1vc8g5ASIpbx+XyQx3q5+QD1y/abWQ1B6q+ok+k/DJ7eaKPwp4kDtPHJHM2uQljEG3PGi/ZQAXjJUZyQwU8jIIqi6A6cj1P9nrxr4JvtLk8P3Ghaw8trCjow1VFWVvKUSEKYSVJkDSYyQN+BwBn7zIMdXnfCQmlbVXV/VbnxudYSnC2Kkm+jtp6M6fWYbGTUZWsraeC142R3EqyuOBnLBVBycnoK/Q6amo/vGm/LQ+NfK37uiJbG1aYFUUsxBwM4yaKl+SSW9hJpSTZ8jeC/AWteNfFTaTpMUMV27Mp+0ybQACRg8H0Nfz/AImsqF+fc/bMNQliXamfSPw6/YS8ay5/tHVdL0yCZSD5G+4cg9ePl/rXjVMyjJ2hG56sctdNfvJH0d4T/Yj8C+DPB6Lqkuo+INa3HF9M/lhBjoqLnA69Sa5auJnON3ob0KMITstTwv8Aat+HWg+CtC0eXTrdLCO18yL7Qv3nLbcKfUn5vwFXgKk5zaZWY0oxpqSPIf2eLGPVviBa3Ml2JHjsp/KUcs2zCbW9wGJz7Cv0bhxL6/r0TPzrPpNYF26tHu2o2u25YYP4V+vI/Nk7Frw7EGkBx3qZbCkrnGXfgWf4c/FCfXtC01r5bpRfLbRR+aYiNwl+XcCy7mDEAj73tX4lxZgVQrxqx0jO/wB63P2LhLHSxFGUJayhb7tbHtPwv/aP8RanrdrpWq+BbzS5Z5YY01GBw1qTKMxkgksmcgHDMAeCR0r4Gph1TXNGX+Z9zCq68uWcWvPoavxa/aM+JWkm907w34ZgWysnzLf3ToZLk71VltlYEEruJOVJwrYHFb0OWpG05HNXpulK8ItnIeLPDGr/ABi8DvP4x0uTTtLugCJGnikkDqxHmRlFC8EdcYIPHBrn5vq9Tmgeh7NYqnyVFoeY/s5/Cg+FIbnW7phJK097bQ7oArMisiBw/XBZZht7EV+h8NVnVzOKW3K2fnfEWHjQymUnu5pL5XO81RP9KbgV+zxd0fkTIvDrAOvuaJ7AzrNZ87TJNF8QW0ohOm3AjnOM5hlIRs+wbZ+tfnfF2FdfAc6V3B3/AMz7ng7FKhmPs5PSat8+h0/ijUNA8K6p4Dghms9Mj1fWYZJ7ttsMTMvzBSQABkkHn0NfiUIOT9D9wqTUE7nR/DHX9L17WtdsXkt9StraXLTQYkWKbccjJBXJ4OB+NKF4/Giqlmk6b1M742eJmGiXMUlwpijTaOihQPQCs3NylY2p01GPMji9CnSbwRoUkUQghewilCqxO9nG8uQfu53DgemTknj9t4WymWDp/W6rvKaVrdFvr5s/C+Ks4jjqv1Okmo02736vbTyWv3nK6g6m4PAr9HhsfBMy9AudkyjtWkldAz03TUt9V06exuhvtrqNoZADztYYJB9ecj3xXk4mjGtTlTmtGrG9CrLD1Y1YOzi7o8r8Vz31lp8mgeI7eLXNOspBFcWcjGI+VnMVzGyxuWVuhGPlIxyeK/nzH5fPLcTKjK6ts+6P6Ky3HU80oRqpqz38memeA/iHc6/p0GmaF9i0TRrCBV+1p5twg29FIaCHJI6kE444NeTVjFa3PYSa2dzzz4heLJ/il44t/DmigyweYPtUyD5VXv8Ang1zqNveZvKfu8sTqdJ1KOPQrbSmPl3Onwi2MbDBKx/u1YeoIXr65Ff0Bw5mNDG4OnSg/fgkmuuml/Q/nviLK8TgsZUrzj+7nJtPprrZ9n/locpqN2PtLc/rX3CR8lqY2m3uxxzyKtoto7vTPFdnpFsLm/u4LK2X70txIEUfieK83E1KVCPPVkorzZvh8NXxU/Z4eDnLsk3+RwvxP/ab8ORfZR4XWXVPENg3mR6ikeyAIP8AWREtguCPQYyAQa/L+IMfgMdTdGPvNbSXRn6nw9kma5Y3iqvuRtrF7td+yt95gXf7TPxC+MVtDoFlp1vpiyDy/tEI3MF6HAxX5rOhTpaydz9Ap1qtbRRt5n0Z8G/hTpPwn8G3etaxOkTLEZLi7uG6Ejue7HoBXLd1HdnpUqM5zjRpK8meNeMvFaa9fyXNssllY2zExMp2yBWct1/vux6dlB9wKo4irhqiq0JOMl1R+rYbh/CfUZYTGQVRVPiTV0//ANnp5mLb6ldXCKXCTybQXPmJGQT2IcgH8M/hxn9SwHHaVJQxtO8l1XX5dD8SzrwfrPEc+V1Eqb+zK7cfK63Xr+JjT6y1soWJd8zdD2X3NfZcR8RQyamqdJKVWWyeyXd/ofnPBfBdTiitKrWbjQg7NreT/lX6v+lnapplrqC+bqCTXsuQAZZVIHOSANvAwCMe9fguKzPE4+q62Ik5S/rbsf11gOGsvyfDLD4alFR9NX6u+r82cd4l8KW1v9gu7SGRWf8AdyKWDKXIzwAo64PHrilRr814M4MyyiMOSrFXT0atpqdb8Mdf17wdtl0qyt5/7hniaQZHptHP5/U1FVRm9WeFhcgpLVXt6/8AAv8AidjrnjPW/GM8EmvanNcsrbktcBUjI/uRKSFP+0xJ71yvZpH3GCwGHwiThBJv+t92bHhT4e6l8QLZbq1ms7Cy+0fZbc3txHELm427vLjLMN74wSeAMjkcV1YbL6+MjJ0Y3UdzhzbifLcirQp4yXvS2sm9O7tsvxPYfhv+yPLr2ktd+JLq90+5lCyQ2NuIVljjJYB5NzEfNg4APQZPUV6+EyNTp8+Kk4t7Jfro/wCvw+HzvxHeGxHscrhGcVvJ3s3/AHfh0XVvd7aK74PSv2dftESS/wBtbpJT5gElrswmM8qXyOM9fTpXz2ZZ1VzXGzxNSGsnor9NktjmyHOaPD2XU8BSpXUFq77tttv8TSj/AGdYLh7cy6jevbhyXkt7HIY4K7Rl/Ujn26GuJyqwdnRlr5P9UexU43cl7sY/OX+SMqT4R+DdNdLHU9bDgkZgvpkhJy2FHDg9RjiuKVbGtuUKbXybOavxLi3QjGfLGMtn366N77oyn/Zu1m9nupYbzTtPhUtI32mbeI03YAMjRqSBkDLdeK9WhiVXap04uUvQ65cS4PD01Ks3fZu1tfvJj8CrzTtQt9Hl17TItSug5FnhlmlCcuQm0FguMnAOKSdSo7QpyfpG52R4zy2CvKP3uOp7r8I/g3c/C3RxrniVotRuJbgf2DpKCRDLOwwWkyRmIYVtpXOVzkDg/omRYetRoyjV91PVp2uv+C/w9dvxvjLOMDnWNhiMJFppWbb0dtrJdu/X8/rLwB4Jmh0QTajM09/cN5s8zDl3PU+w7AdgAK7a1TnldbHwqVj5CtJzA4VZY5kCqc7cq4IB/I5r8XxNKWXYz2ad+V3X5n6FgsXDMsFHEJWUl/wBmkaTpll4X0/RDFcIbXYUuY58EstwZ920hurs3HIxjjIzX0eP4oqY6blUpJXa2fb5eR5kcipxhyqbt6I3rHwZc6joOk6Nu0m7sX019PiGrobhViV2kRmGQiShtxDgA8LnGBSw+aVVBQ5F70Wvi9d9Ny8RhqXsoUk2vZtdNW7JeXZb7dCab4eR+JPKv9RtrS/jWe3v5LeS5hjINreLcIJd6ncm+3AK85QYBGQaxwmLxFOcKkoxaimtGk0tuvpoXi1SrJwu1e3R20Xl+J3/AMN/gl4N8IWF74lu501TdM1yQzhrdHDu4xydxBYjcSc7VzkqCP0vCUoU48uH15uu/wDXyPj6s5SdpdDf+GtjcfFPxhL4rvlIsIcw6dCw4SLPL49W/livQxMlRh7CHzOeOup9AxxrEioowoGAK8k0Pzw0bU4rOwlRraGdiNwnlaRpAfchufxr8PlUlVqOU3ds/UPZKEYwp6RWllaxctfEdqZl3WFgzD7rEyKep4+/z6dKnlb2QNKKu5NfcbsOs6RJ5Mgtli3DAK2zlc456z8jJ/lROPJ8Stczipy+GV/n/wAAZd3Oj3Fs1vJb53oPMT7M4ye+D9oyO3p3pKSjqg5J63/P/gEvw50PUNf/ALV0PTkmXwrd7TKSjR/vcg4Ul2zwCGIHQgE1+ncLVa9OEq0vge3r3Xl387HyWcQhGUYt+9+nn+h9keC/DsPhrQba0iQJhRnAxX08pOTuzwDeqQP/2Q==","At 7:06 A.M. Mom slunk into the bathroom and hurled her halibut. She really should go in for a blood test. Maybe that's what Jerry was trying to coinmunicate by the burglary. This time, Wally brought up my breakfast tray. I knew it was Wally ...","Youth in Revolt: Now a major motion picture from Dimension"
"2NVG67D1X3V50NB6IZTJP1M7QAWBIH","2DDUDD8XMB3VOCAU5LLTZ6T4EW9PE8","Find time stamps in narrative books/novels using Advanced Google Book Search","Use Google Book Search to find 60 time stamps in novels and narrative nonfiction and report author, title, sentences, create a bitly link and image source URL","data collection, books, google search, time stamps","$0.20","Sat Mar 01 17:23:36 GMT 2014","1","BatchId:1437442;","300","172800","Sat Mar 08 17:23:36 GMT 2014","","","2RTQ6SVQ8H8D7T50FKFB6CI1W6DO5U","A1CWDSIO5YOANA","Approved","Sat Mar 01 17:35:01 GMT 2014","Sat Mar 01 17:38:21 GMT 2014","Mon Mar 03 09:38:21 PST 2014","Sat Mar 01 12:23:33 PST 2014","","","200","98% (41/42)","98% (41/42)","0% (0/0)","7:56","https://www.diigo.com/item/p/qqpcbpqzcaasoposbzbcspqpcs","Robert S. La Forte, Ronald E. Marcello","http://books.google.rs/books?id=zoUCl_3_-FwC&q=%227:56+AM%22+inpublisher:%22Random+House%22&dq=%227:56+AM%22+inpublisher:%22Random+House%22&hl=sr&sa=X&ei=PhoSU7WUD-iJywPYm4GQBQ&redir_esc=y","data:image/jpg;base64,/9j/4AAQSkZJRgABAQEACAAIAAD/2wBDAAMCAgMCAgMDAwMEAwMEBQgFBQQEBQoHBwYIDAoMDAsKCwsNDhIQDQ4RDgsLEBYQERMUFRUVDA8XGBYUGBIUFRT/2wBDAQMEBAUEBQkFBQkUDQsNFBQUFBQUFBQUFBQUFBQUFBQUFBQUFBQUFBQUFBQUFBQUFBQUFBQUFBQUFBQUFBQUFBT/wAARCABQADEDAREAAhEBAxEB/8QAHwAAAQUBAQEBAQEAAAAAAAAAAAECAwQFBgcICQoL/8QAtRAAAgEDAwIEAwUFBAQAAAF9AQIDAAQRBRIhMUEGE1FhByJxFDKBkaEII0KxwRVS0fAkM2JyggkKFhcYGRolJicoKSo0NTY3ODk6Q0RFRkdISUpTVFVWV1hZWmNkZWZnaGlqc3R1dnd4eXqDhIWGh4iJipKTlJWWl5iZmqKjpKWmp6ipqrKztLW2t7i5usLDxMXGx8jJytLT1NXW19jZ2uHi4+Tl5ufo6erx8vP09fb3+Pn6/8QAHwEAAwEBAQEBAQEBAQAAAAAAAAECAwQFBgcICQoL/8QAtREAAgECBAQDBAcFBAQAAQJ3AAECAxEEBSExBhJBUQdhcRMiMoEIFEKRobHBCSMzUvAVYnLRChYkNOEl8RcYGRomJygpKjU2Nzg5OkNERUZHSElKU1RVVldYWVpjZGVmZ2hpanN0dXZ3eHl6goOEhYaHiImKkpOUlZaXmJmaoqOkpaanqKmqsrO0tba3uLm6wsPExcbHyMnK0tPU1dbX2Nna4uPk5ebn6Onq8vP09fb3+Pn6/9oADAMBAAIRAxEAPwD88PC2gnU7pZbq3uG07ZOpliRivmJC7quQD3AJ9s/WvPqT5Vo9dPzO9K56TF8PvB0ixSpFrbw3Eqi2PkybZIipbcW8vklQCMdj7V57r1tVdafn95tyRIda+HXh2CKV7GLVGVoAYWngmBMxST5R+6wRu8oDp1/CnDEVH8Vvw2+/1E4LoWE+Gfhe2uoba7XVBI/GPKnEjNtYsAnk9RmPv/EPxn6zVabjb8P8/UfJFPUh1L4b+G1uDBYQavNsSJpZHgmG0mQZwPL6GPJBPfNOOIq2vJr8P8xOC6HGeO/Bx0LUp20/T9Qj0uAKGnvImXksQCcqMAkYGR1BrroVeeK5mr+REo22Why2B/eH611GZ6F8NYbi+8Nami3DxxW0xlRRBHIgZoJNzPuB4Kps+rV4+OrexqwSW/37rb77n2eR5NSzPDVqtSUk4bWtb4ZPW6/u2Xm0dvFa6u+nSWsWpXsNlo881mkV1bw70SO33IynZ0bdjP8AdYeteU8Wk03FNySel+srPr0/M+mXCtCp7VwlNKnKcXzWvaMOZPbZu3yaJ/sGr6vrMaLqt/B/Zl+qgywQrgCJnEigIARkIBn1qHjFThdxT5l0v3Stv63NYcI4evXlThKaUJ8rvbblb5lps3ZL1Kms3+s2kL6i2q6hcTQWYnRVt4dys2wGT7n3PlXnr8h5ralWU5KHKkm7dfPTff8AzOHFcOYbDUZVuabtBSsrXu7a7fDr+D1Lk9triazfx22t3YmuVWLy5oIRvKC72EjZjBaEEEYJDn2rKOLh7NSnBWXr/dv18/vR21OEaDryo0qkr7K9r3tVtfTZummttGcp8WNb1CHTZLG61q5vZ7iQJLHLDGFkhSWUIcqgwymPnnnf6V6OXy9rLmUEkl+Nlfr1v+B81n+U4XK6ahTqSc+Z72s4800tluuVX11votDyTD+n6V7x8Oek/Di31FfDl4tvaJcQX1ysR/fqjAhSgO08kB5oiTXgY903Wi5Ss4q+1+t/yTP0rhunio4Gp7KClGpJL4knonHbspTi2zo7PWrhlvY9OtQ9pqN/dB55L1HTzDFHI2GCgbAI2wfw7VwTox911JaxjHSz2u1tffU+ko42q/aRwsLwq1Kl25prm5YyeqVuVKLt9wkniq58P+J1tY9MmS51i6DeXLdKw3+eIyAQvAzGQOvBzTWGjWoc7npBdvK/fzM5ZrVy/H+xjRalXlezknrzqL1S0XutLfR3Ir66udbsGsn0uZYpUtIFdLxc+bLtMf8ADwnyrke555pwjGjJTU1dcz26K9+u+pNetVxlF4eVF8rVNXU18U7cv2fh0V15vuaV5ea3JdXN7Dp0f2iedY43W7VuWEojceqgXkIyPT3rGMKCioOWiXZ9LXXr7jPQrV8e6kq8KK5pSSXvp786i/OKVaCbXYw/iS19qvhq4la0SOOG8893S6V1KEsysi4BIIuowT9OK7MvUKVdLm3Vtuuid/8AwFnh8SvEYrATk4JKM+ZtSTVm200rJtfvY3fpoeS7vY19MfkZ6J4H8Vw6Lp2hWjS28SyanI13JIPniiBgYc9gSnP+5XhYzCyrTqTSfw6eb95fr+J+h5Jm1PBUMLQcoq9VuTe6j+7a9E3HX0N7Rdd0bSdOtre4vLKW5immu5I7fH2Y7kuU2L067k4x0K1x1aFepNyjFpNJa77xd3+P4nuYPMMBhaMKdWpByjKU2o/BqqsbLbe607NFDxFqVhc+LvDWqpqlrPBBfkSbX+ZE+1ySBiMYC7CtbUKdSOHq0nBpuP48qVvW55+Y4vDVMyweMjXjKMZ666pe1lJNrtytG9b+LNCk+yvJfQRTSS2kzLHhYoxE1sSCO2P3mB6Bq4pYXEK6UXa0l5683/A/A9+Gb5dPkcqqUm6b00iuR0r+n2rejJ4PGei7IZJNQtI4zdW7JEmd8QxaHaMdEXy5Ac90WplhK+qUXs/n8f4u6t6s2hnWX2jKVWKXPBpLdL9zp5RXLK9+qRz3ivxBpr+DrvTIL22mu1SJC0bbt4RLRWVT6FkJ9/LrswtCosRGrKLS1/Fzf6/ieFm+Y4SWWVMJSqxc0orTW/KqSaT7Npvz5TyzPuPyr6Y/KD9rvjr4k8PfDzTIYrDwloUmpXKu6f8AErhPloo+9jbySemeOOfQ+TjqsMMowhFcz7paGeGjPENuUnZeZ5N8LPiLa6/rdtba54b0Y2t1KsIdbCENGxwAeEAIyRn2IINefQxahWjTrJNPySOivhXKm5U5NNebPogfDrw9byssnh3Ssg4INlH/APE19R7Kk/sL7kfMOdaL1k/vZ8v/ALSX7T3gX4M+Ij4ZsfCGn6hq0KrJcuNOhMagjIQNxhu+cGuKpTUny04pfI9PDRlNc8pO3qzxbUf2mvBvxo8NXWgC1i+HWuyz5tNSS1SWFk/uuUXcCRkcDk4wecV5VXD1aUlOylHr0PZpxpuWjafqfLPi3Vb/AETxBdWlj4kvtTs0b91d73i8wY67N7Y/M161KMakFKUEn2MZuUXa5yXlRf8APCH/AL9r/hXWZ8z7n7l/Hb4OS/EzSbKfT5I01OyLbEm+46NjIz2PH6mvPx2FlXUZU3qvxOfCV1RvGS0Z5h8MP2cNfsfFNnqmuRR2kFnMsypuUvIykEfdJGM/pXmUMFWdRSqKyXne56FbFU+RqGtzN+On7atn8L9buNJ1DSWsb7zJYYGuoJGDhJCnmNjb8pxkbSxwQfavTeJxDk404XS8zzPqtKorykfn58d/E2nfFrxLqnimHxBHdarL5Z/s5bR4xIPuZjc/eIAQ4ZVJXuSDl0alW/7yFr9bnUqUKcOWD2PFw5B44PrXcRsSec0igH5yDnk80FXbDP0/Kgk/oW8QeItL8L6VcarrepWml6bbjdLc3cyxRoM4GWYgDJIH1pc1zhfY8e+OPxrj074E3HjbwPeRaxBcIDb3NpIoLKSVOwt0bIK9CQ3GM8Vw4qrKMUoO13a/Y6KEE52n9x+eT/AT4gfHGa98SeKvF1jZpqEzSRC8lkcMQ2G2LjhR0yOuByep8Web4fDT9lGLbW78/wDM+ijl1WpTU20r7LyPH/HvhRPhV43ms86X4qt9PbadoLwOmAFMgQggktyN3UYJ7V7FCr9ZpX1i3/Wh59WHsZ23sYPjy3gv4NM8QWWm2ekWGoxmKOzs9wSN4QquPmJJzlTuJOcknnNa4eTUpUZNtx79nsRWSajNKyf5rc5ANtzXazmF2/T86QH2B+0B+1T461/RNDGrafpY0vUZI76OwmTz1cRSJIu4E8Z6H1BYV42ErQxM5qMr8rs/U6sRgJ4VQlP7S0O6+Dfj/UPir8JtJ0OTXNIlGn2J02fSbgEMtuIwFcbR1yy9Ryc8krmvmM5xVXDVm6kXyLZ+fp8v8z3ssyuGIiqlOd5Pddjividpl3oLafb2a3+leG9Llg05JSAzIZDukntyQf3fKoenJGAdpBywOKhiIa2lUknL7tlK3XqduIwlbDuTekE1G/r2v0ufOlxHFBYyX81qrRwSvbywSgI0ok3uhDE8kAA/Ko4I9a+zipydk97O/a2jX/Ds+WbhCWqvvp+Rky2l54hdbWxS8n0i0eb7IjLvMSnLke2cZP49a3UoUVzVGlJ2v59DO0qr5aa01sjGl01oCu8YJ7d66eZMx5X1G/ZR7/kaq6Cx9R33wV+CF6rNJ8aWuZoVCIZFiAK8kAcnpXLTlGLaUbL0f+Rw1sRjZxUnC7Wm62+80dC8C/BHwrfR39r400zU7iJQIor64UxbhjDOufm6HIyB83AAFedmFHEYiHJQqcqe+jv8nbQ6ctzCrhqjnicM5dldW+fvB4l0S1+KMv2KL4yxXUUKI5sLDTw4+XHznbNkjdg9gCRWOCy3C4Fc0IXlrrZ9fkdmP4hzXMPcnRtDTS8Vt10M6TwJoWjXFs+tfFSz1FFgdLS21u1YQqTGsayBfOGcKAAOQMDr0r0YqNNWhCy32fq+h4s8TjKjvKi3/wBvLoYcXg3QrLVWv9K+LHhC0l2mMbLNYsKRj3Pf9KitGFeHJUg2vmdNDGYuhNThSafrH/M73wF4o8MeEPC9xomr+MfB3iyxwTBDcwoNjMPnOWXOflQA8EYGDwDXymZZZVxFdVsLzQfVpvX+tT6jLs2hTpyp43D83bWNzM/sr4e/8+3w0/8AC0vf/jVL2Gc/8/6n/gFP/wCSN/7Wyb/oEl98v/kTxz4V+KPg/p3g97Hx74W1rVda+2yyrfaXKFH2dhBtTmReVMc/Y/6wc8Gv0FW6nzexHL4k+E91ctu8P6raWghlVIreMM+8+QUJdrgnOUnBPQCQfKcGjQo6zSvin8H9C1iC90bRPF/h15HAvZtKvzDLJCzuZIVKzgbdohxn+IMTkACmmkBreI/jN8GPG8SxeIdF8b6kLSdpLKa4vzPIqNFEHDl7g8l4s5H97PbFNtPclJnP2njf4FL4uuri58Ga2/h2Swkt4bOMqs0U5mQrMW8/5iIhIuM4DEH1wrxCzMbxh4l+Dl34Nu7Tw94X1uy8QPCrQ3dzKDGk2+LcP9ax2bBMOhOSpwOydug1c8f2r61I7o//2Q==","What is known is that the assault opened around 7:56 a.m., soon after the first bomb was dropped on the nearby Ford Island Naval Air Station. Between 7:56 and 8:25, so-called phase one of the air raid, torpedo planes made four distinct runs ...","Remembering Pearl Harbor"
"2UCCF806UFBS0V6AO063K5SW7DT0EC","2DDUDD8XMB3VOCAU5LLTZ6T4EW9PE8","Find time stamps in narrative books/novels using Advanced Google Book Search","Use Google Book Search to find 60 time stamps in novels and narrative nonfiction and report author, title, sentences, create a bitly link and image source URL","data collection, books, google search, time stamps","$0.20","Sat Mar 01 17:23:36 GMT 2014","1","BatchId:1437442;","300","172800","Sat Mar 08 17:23:36 GMT 2014","","","297YQS1CSTMT0027MJ9CCEYDS60PM3","A33UJ3SXS0H7SH","Approved","Sat Mar 01 17:43:27 GMT 2014","Sat Mar 01 17:44:33 GMT 2014","Mon Mar 03 09:44:33 PST 2014","Sat Mar 01 12:23:33 PST 2014","","","66","100% (220/220)","100% (220/220)","100% (46/46)","7:52","https://www.diigo.com/item/p/qqpcbpqzcaasoposbzbcspqpcs","Karen Marie Moning","http://bit.ly/1fRapGG","data:image/jpg;base64,/9j/4AAQSkZJRgABAQEADQANAAD/2wBDAAMCAgMCAgMDAwMEAwMEBQgFBQQEBQoHBwYIDAoMDAsKCwsNDhIQDQ4RDgsLEBYQERMUFRUVDA8XGBYUGBIUFRT/2wBDAQMEBAUEBQkFBQkUDQsNFBQUFBQUFBQUFBQUFBQUFBQUFBQUFBQUFBQUFBQUFBQUFBQUFBQUFBQUFBQUFBQUFBT/wAARCABQADUDAREAAhEBAxEB/8QAHwAAAQUBAQEBAQEAAAAAAAAAAAECAwQFBgcICQoL/8QAtRAAAgEDAwIEAwUFBAQAAAF9AQIDAAQRBRIhMUEGE1FhByJxFDKBkaEII0KxwRVS0fAkM2JyggkKFhcYGRolJicoKSo0NTY3ODk6Q0RFRkdISUpTVFVWV1hZWmNkZWZnaGlqc3R1dnd4eXqDhIWGh4iJipKTlJWWl5iZmqKjpKWmp6ipqrKztLW2t7i5usLDxMXGx8jJytLT1NXW19jZ2uHi4+Tl5ufo6erx8vP09fb3+Pn6/8QAHwEAAwEBAQEBAQEBAQAAAAAAAAECAwQFBgcICQoL/8QAtREAAgECBAQDBAcFBAQAAQJ3AAECAxEEBSExBhJBUQdhcRMiMoEIFEKRobHBCSMzUvAVYnLRChYkNOEl8RcYGRomJygpKjU2Nzg5OkNERUZHSElKU1RVVldYWVpjZGVmZ2hpanN0dXZ3eHl6goOEhYaHiImKkpOUlZaXmJmaoqOkpaanqKmqsrO0tba3uLm6wsPExcbHyMnK0tPU1dbX2Nna4uPk5ebn6Onq8vP09fb3+Pn6/9oADAMBAAIRAxEAPwD87fD+kLqtpqs8kjg2UHnLFGBulOcbRn0HzH/ZVup4P3+JzWthp04JL33a76ef6Lza23PVpw5lJvobmk+DIL2+0y3e7LtJHIL2OM7WtphE0iJkqeSBjGCSyOB2rlqcR1oUqlRQtZrlb+1G6i3v0et9knFvqbQpKTSb9fJ2v/XzIF8O2LwIDdvbyGxFz5sudnmNLGiqwKjavz8kM2Op6Yrt/trEKXwXXPy2W9lGTbWru9NE1G+3mZ8itq+n6r/PzIofCjz61qWmBpEuraEGKIqC0kxaNRH9Sz7R74qp56o4elidOWT1faNpNy+SV35XBU3zyh1X56aE9x4Rt4jfqmoh2SKP7ENv/H3J5SSyBcZ4AbA7ksnqaxpZ/OTpuVOybfN/dXM4xv6tXfZJjdNa2fp56XZem8FWMF/5TTzGJY1dyGyP9VcOcMqH/niucKSpZlOStKGf1Z0udRV7tf8Ak0Fs5L+Z7tXsmrJmjpRT3/qz8vI5CRB5sgUEKGIGTk4/IfyFfRRx2iv/AF+L/NnMevfD/wCDdtrVt4xs9TSWLUxbQWOjOGKganLMHhRh38xYJohngGUN/DXDj6E8LUjG2mrfp/wL3OvEYadGSX9WNrQ/g3oNj4d8KXF/aT6hrMEet3uuacZXQTTW+n297bWZKkMo2SESYw4ImUEFQa8aFZy5ktvdS+bs3/Xkeam3cb8MtM0j4yanoqaz4c03TUsvE+i2JbS1kt7e7tru68uS0dN5G7apdXXD7Uk3FvlKlZLD3cHq0+17pb3/AACd49SHwr8LvD+o6bJ4j0+3bVPC2o6rpFvaPcuWmsXkugLiynK4+cKRhsASIVcAEsq5Sr/Ze6T+em/9ehm27Dbr4V6B4h0vwzZaLBJb+MJZ724WyMhaPVbaO/miMMQ/hnjSMFVH+sXIGHVRJMavLKTlt+Wn9egkyXxdY6J8MtaiFlpWhFNW1rVQ+qa9FcT2thDb3ssCWiJFllIVVkZ1VpMTxbSvJY9p7WDUuy0010/ryKjJ2ueaeL/Cl34b8ZeItIu47aK607UrmzlS0keSFXjkZWEbP87KCCAW+YjGea7KP7yClHY7IQlNcyPuV/hFbfFSzS/0i5ljjv3t7qaKxKqrXESuEkOeVIEsmMHgsfY197VlRiv39k43V3fZ27H6NVwsHFcy26+TPGfFPwv17wdqv2i61LxILldSfVmv4XUSNek83CSfeLEDJbNeTTyKNSl7SjKMlbby7NHzksnaT5Wmec+JPiNeT32kXU+r6tBNpV6L+0WxtLS1hhuVYMlwIokVGlyq5dgWOOSa+ar4dUrpLf1PBq0fZ6HBaP4jtvDkTw6dqWt2kcksVxLDGY1SSWGQPA5XJGUO/BIJGeOCRXkvV6nnNdx1z4mtLy402SXUdb32DF7aZTEslu7SvM7IRgg+Y24HPBJ9qSbV13Fpsbei/Fa50Ca9EGr6u/2+6a+ukvLW0u4zctndOscysqSnP+sXDe9TLomO3Qv6rpFxOY7+8uLm8u9QLXk1xeymSaV5GLl3bqzEtkk9TmvejKFOnGKWyPtqeCdOjB90fTH7P/xMuPBWuwBg8tqWBaEd/XA9a+zxuG+t0HTvZvZn2MoKrDkZ9D/GTx5oXiPwn9ospYZ/MtyDnGVAznr0PHSvByDDYrCYiccVFqMbtPo7/n1MaGFnRb9otFd/efmJ4wvob25dY4zCVmMeGxk4Dda+bx+LVSTSVrP/ADPzfG1VOTSVrP8AzOHjcup8wfga8aFd/aPGTfUQjY65OUblT61ftbPyDZk2mwNd6xDETtQBpCx6AKpY/wAqxlVvM2oQdSso/P7lc9q043Pifw9pd7qH2oSMjqnlyLH8gcqOAvTAGK9XCuVWHM2fpFDnxOGp1arabvs7dWdrpyxRapGTP9njhUyyE5JVVGSQB14Br9SnNRg5S6HqqpGEeaXQ7bx/430TxP8ADXTNc8I6i7pMslvc20ybN7IQTuX+BxvBVh1DYOcmvi8ZmKdNVKL3/r5GUK0cXhpVqMrtdH/Wj10/E+RfEcjatcSPE3lXIcs4OR2OfpXxVao68ubqfmWKvVm2tH1MYWW26jg2sJHGQV6ce1c/LrY4OTWxNcaZLazJBKrR8kYYY5ANayhKLsypU5QfLJF7REOk61BcNtzskWMMMhmKEAEd+SM1nJWep3YJ+wrqb87erVke/wDhjUDeacEj8LXniF4jh5bbUY7VYy3zY+aN9xO7PGAOnJzj6HBRqTp2pq6XmfpCxFaaSpQbtvZxWr16rz6bepgT6iRc3kIkH/HtKdk3BHyHkH/9dfp2JilRmr9Hv6HLUlaElfo/yOu83TbT9mTws1h9kNwsl4JZoSA7MBCSGP8AFjI4PTtX5VjJRVOKg7q3/DlZfKMMvqODWiXX1v5ep843sEkmqWyC4QTzMF8z+E59cV87dp3Pg6lOUq0YuWrfyP0W/Zl/Y4+GXjcRar4sW4l1K3iLLa29wVR8pydgBJGckc5+tcmKx9VU1Vw8dU7H3ec5dDKJU6tGkpS6t35dfK54h+1l8NPCen/E/T9B8F2V7axIBb3IvRhjdEOTtBAIHHFezl9SrjYpV97v8jDH4GeKjQdSKUpt/Dtbp8+/Q8l+LXwO8Y/CBPDreJdGl01dSkkezeYAhwApyPXCspx74qKtWjN+zpSUmnrY+dr4P6uoKMlJ8zWjvZ+Z2fh/x7onw7thZ6h5aGaNJAZXkyzc7z8qNyTyc45P1r6fB4qjhKSU3a59fPMMPltoS6rrd69dvPcx9dsYIb3XJllYxjTrkBZoj1MLYweO/c5r7LF4q8aqT05JbryfocuKknCpZ/ZfTyNXxHo9l4Q/Ze+H1na73u9S0u61i9fg+ZJK4AznnCoiKMf3a/Lpx5MPHzVziwK9jk9RfzK/T9f0Pmy9vyEswCdvkqWTJ2n5e/515N+p8VUqfCvJHtvwK+O3iHwT4t0S2sr1IdJ+yOrwCJR1jIHPXrz15/Gt6UFUfs+59vlWb1J1aOEqtexttZdtPPfz1LHxs+Ix1j4gQT/2lDNqBEV5IIiQEDxkDBJ9DnAPAZa6aTWHioLdP8wzbM4yr0oUmvcs9PT/AIJrfH/4wH4va/8AD65ur8Xxsrc2lwpk3D5BHyQc4JBA/wCA15lKkqdaVlo2dWZ1cHUqYRYdpxcpOSVtG3Fs+o/BX7Er/EizfWvFt7eaVcXKRy2unW8FtJLHCQQHl+0Kdpbbwq84X5uoA+ili/ZRjGLPnc7zdVcW/qzTS66NfK/59fQ+LtW1a+1jS7tNOlubq4umWwjSKAMheT5QHb+HOQBwetVmOfRw9SVKUko8jbbdnZXvZWd7ddUdNXFSqwkoO99PvHeI7/xNrPhDQfDN79n26PE2iwssE7A7UV92REcBklUrnDHsK+VxOfYaVGmoq/uKW8eratrJappp2ul3CrWmsJDCWWits97enZ/8A8o1nwlfafZpcNIkoS2SYIsUys0ZKJuXeihsM6AgEkZ5HBxx0cwpVp8iVtbbx3Sb1tJ22dm9HY+Vq0ZxSfl57bdUjufB/wAHNeutYslj1C1WRlZlAMoU7ZlhZd3lkE72xwSAMkmtsHmdKpNSSdrpbxvrFzvbm5tltbmb0Sb0PWwuW1+ZTU0vv6O3Y53xD4UmtfjrdaFqcW+aOdbV4YiQCVjCqBxnoFOMV9PWpRlmMqUtr208lY5ZUoyzF06u17fcj9JPgz+yx4X8G6f4W+IPiDQ55NbtV26HoV05Mc122Nszx9kjwSBgZPJxgZ5oUP30rvRfgv8AN/h+Xdn2PwlT2dDBKyhu7vW9tF5L01/P7m8AeCZodEE2ozNPf3DebPMw5dz1PsOwHYACuKtU55XWx8klY/ndi1ue2jaG3b5WEgB2gkGRPLbBP+ySKmrRp1pc0vL8HdfidyqyWkfP8VY3L/xCPslvbSiILbxsLeQw7pVLqFYZ3c/KqryCQAAMYrnr4Kk6sqibXNa6vo7O69NW3pa7buejKqmlGWllppr+f+ZhWXiK60vVLC+s0hgvrOPyUuFTczLs2AOCSpIXgYHvya554OnVhOlNtxk72v1vfTrq/M441XTlGUd1/wANr/XzPYPglqzWOsaXIfMtFi2wS3sEZZzF5qyEN1BAK+nSvocBltKtUU6l2lJTXlJJpSTSunZ9z6HB1XGGi1tv/mfqP8Pv2b/hTHrbfF2+sdP1vXZbeMm/EaiHci48zYODIcYZjySOgxW+InKWIfLHlk/vPlMVVnUquU1ZnffDWxuPin4wl8V3ykWEOYdOhYcJFnl8erfyxWGJkqMPYQ+Zxx1dz6BjjWJFRRhQMAV5JofzM6td6aE8mC2USR53OSfXH48//rNerVnRtywR3VZUtooqtBPdIjBVgiK4G0gFh3+g9hWPs5T1SI96SutCa00Zyw7rxyOlVCg2xxpu56D4M0dLl1j3xnZn5XGd3HTtzkYHqSo4zX0OEoaJHrUKd7H33+zT4P8AHV/qmr6G8hPgG6soorhDuTF8roVMPqPL3rIf+uY7HEZnVjQqxaabS/PY4szS9oo31P0S8F+HYfDWg21pEgTCjOBivkpScndnlG9Ugf/Z","The sun wouldn't rise until 7:52 A.M. It would set at 6:26; I've become a bit obsessed with the precise timing of natural light, and keep a chart of it on my wall, next to the map where I track Unseelie hot spots and Book activity. I stayed to the ...","Faefever: A Fever Novel"
"2UHKPFE4EGDMYPDZFN99YZW6I4B8IF","2DDUDD8XMB3VOCAU5LLTZ6T4EW9PE8","Find time stamps in narrative books/novels using Advanced Google Book Search","Use Google Book Search to find 60 time stamps in novels and narrative nonfiction and report author, title, sentences, create a bitly link and image source URL","data collection, books, google search, time stamps","$0.20","Sat Mar 01 17:23:35 GMT 2014","1","BatchId:1437442;","300","172800","Sat Mar 08 17:23:35 GMT 2014","","","2Y7XRDS4IC1JJGYRDUD1CA2I07LWZM","A1CWDSIO5YOANA","Approved","Sat Mar 01 17:38:22 GMT 2014","Sat Mar 01 17:40:37 GMT 2014","Mon Mar 03 09:40:37 PST 2014","Sat Mar 01 12:23:34 PST 2014","","","135","98% (41/42)","98% (41/42)","0% (0/0)","7:24","https://www.diigo.com/item/p/qqpcbpqzcaasoposbzbcspqpcs","Clare Brown, Barbara Tapp, Karen Brown","http://books.google.com/books?id=UyjnSfTEKUgC&q=%227:24+AM%22+inpublisher:%22Random+House%22&dq=%227:24+AM%22+inpublisher:%22Random+House%22&hl=sr&sa=X&ei=JBsSU_ibN8HnywOx_IHQCw&redir_esc=y","http://books.google.com/books?id=UyjnSfTEKUgC&q=%227:24+AM%22+inpublisher:%22Random+House%22&dq=%227:24+AM%22+inpublisher:%22Random+House%22&hl=sr&sa=X&ei=JBsSU_ibN8HnywOx_IHQCw&ved=0CC0Q6wEwAA","The bargain excursion departs towns along the route at the following times: Lauterbrunnen-7:05 am, Wengen-7:24 am, Grindelwald-7:18 am or Kleine Scheidegg-8:02 am. KANDERSTEG Kandersteg is a hamlet nestled at the end of.","Karen Brown's Swiss Country Inns and Itineraries"
"2XCLF395SW6S14QMX2PNUBYF25BSEQ","2DDUDD8XMB3VOCAU5LLTZ6T4EW9PE8","Find time stamps in narrative books/novels using Advanced Google Book Search","Use Google Book Search to find 60 time stamps in novels and narrative nonfiction and report author, title, sentences, create a bitly link and image source URL","data collection, books, google search, time stamps","$0.20","Sat Mar 01 17:23:37 GMT 2014","1","BatchId:1437442;","300","172800","Sat Mar 08 17:23:37 GMT 2014","","","2WFCWYB49F9XDVSRVGAOYST5MEVPT3","A1CWDSIO5YOANA","Approved","Sat Mar 01 17:27:33 GMT 2014","Sat Mar 01 17:31:29 GMT 2014","Mon Mar 03 09:31:29 PST 2014","Sat Mar 01 12:23:34 PST 2014","","","236","98% (41/42)","98% (41/42)","0% (0/0)","7:58","https://www.diigo.com/item/p/qqpcbpqzcaasoposbzbcspqpcs","Robert S. La Forte, Ronald E. Marcello","https://www.google.com/search?hl=sr&tbo=p&tbm=bks&q=%227:58+AM%22+inpublisher:%22Random+House%22&num=10","http://bks9.books.google.rs/books?id=zoUCl_3_-FwC&printsec=frontcover&img=1&zoom=1&imgtk=AFLRE72WqYoeMgr4NfLk3bGbS2X7owkVjIkVUu2L4Ocbv5F0nDQaE8RXelWqjf2kFAr-3un5hXecmngd91x8g5fzdmuy3z5zgZNV8dM2NMDkIAgw7A0kuxhDqckkUGODdljPaxZZ_jvH","The attack on the Navy Yard docks began at 7:58 a.m. , when a plane coming from the southwest launched a torpedo that passed under the Oglala and hit the light cruiser Helena. Both ships were berthed not at their normal moorings but at the ...","Remembering Pearl Harbor"