"HITId","HITTypeId","Title","Description","Keywords","Reward","CreationTime","MaxAssignments","RequesterAnnotation","AssignmentDurationInSeconds","AutoApprovalDelayInSeconds","Expiration","NumberOfSimilarHITs","LifetimeInSeconds","AssignmentId","WorkerId","AssignmentStatus","AcceptTime","SubmitTime","AutoApprovalTime","ApprovalTime","RejectionTime","RequesterFeedback","WorkTimeInSeconds","LifetimeApprovalRate","Last30DaysApprovalRate","Last7DaysApprovalRate","Input.time","Input.image_url","Input.image_url2","Answer.author","Answer.bitly","Answer.quote","Answer.title","Approve","Reject"
"2ZKKYEPLSP7A5OX0QYUOLHQERLZWQP","2KZXBAT2D5NVJQG9X5RJR5TYMOU62I","Find time stamps in narrative books/novels using Advanced Google Book Search","Use Google Book Search to find 60 time stamps in novels and narrative nonfiction and report author, title, sentences, create a bitly link and image source URL","data collection, books, google search, time stamps","$0.20","Sat Mar 01 23:11:01 GMT 2014","1","BatchId:1437771;","420","172800","Sat Mar 08 23:11:01 GMT 2014","","","2TEJUNU8LZ6WS3RZLOZDJJ3VJGOJ3S","A2SD7GN80U31GW","Approved","Sun Mar 02 00:47:03 GMT 2014","Sun Mar 02 00:48:00 GMT 2014","Mon Mar 03 16:48:00 PST 2014","Sun Mar 02 07:32:06 PST 2014","","","57","100% (161/161)","100% (161/161)","100% (1/1)","7:00","https://www.diigo.com/item/p/qqpcbpqzcaasoposbzbcspqpcs","https://www.diigo.com/item/p/qqpcbpqzcabepbasqzbdaaascc","Larry B. Silver","http://bit.ly/1hAkDeD","She said 7:00 A.M. I asked her to wake him up at 6:15 A.M., give him his medication, and let him go back to sleep. 1 Ic wakes up at 7:00 A.M. pleasant and cooperative. I le gets dressed, comes to the kitchen, has a good breakfast, and leaves ...","The Misunderstood Child: Understanding and Coping with Your ..."
"2SOBFMFFOYYNE44D9S7E3C0RYM6ZMV","2KZXBAT2D5NVJQG9X5RJR5TYMOU62I","Find time stamps in narrative books/novels using Advanced Google Book Search","Use Google Book Search to find 60 time stamps in novels and narrative nonfiction and report author, title, sentences, create a bitly link and image source URL","data collection, books, google search, time stamps","$0.20","Sat Mar 01 23:11:02 GMT 2014","1","BatchId:1437771;","420","172800","Sat Mar 08 23:11:02 GMT 2014","","","2ERMAZHHRRLKB3ZHHAIHCKHOEOKDM2","A33UJ3SXS0H7SH","Approved","Sun Mar 02 08:05:22 GMT 2014","Sun Mar 02 08:06:01 GMT 2014","Tue Mar 04 00:06:01 PST 2014","Sun Mar 02 07:32:06 PST 2014","","","39","100% (220/220)","100% (220/220)","100% (46/46)","7:02","https://www.diigo.com/item/p/qqpcbpqzcaasoposbzbcspqpcs","https://www.diigo.com/item/p/qqpcbpqzcabepbasqzbdaaascc","Joseph E. Persico","http://bit.ly/1cuRahQ","At 7:02 A.M., from his command post on the superstructure of the Enterprise, Spruance gave the order, “Launch the attack.” At 10:24 A.M., Japanese lookouts reported to an astonished Yamamoto and his commander of the Japanese carriers, ...","Roosevelt's Centurions: FDR and the Commanders He Led to Victory in World War II"
"2EWRSQV66RLU2L4XBANA6KI63D0C4F","2KZXBAT2D5NVJQG9X5RJR5TYMOU62I","Find time stamps in narrative books/novels using Advanced Google Book Search","Use Google Book Search to find 60 time stamps in novels and narrative nonfiction and report author, title, sentences, create a bitly link and image source URL","data collection, books, google search, time stamps","$0.20","Sat Mar 01 23:11:01 GMT 2014","1","BatchId:1437771;","420","172800","Sat Mar 08 23:11:01 GMT 2014","","","277B0HFL42J661G25MT7X0IGKUL0LU","AMEMFG7OIAS61","Approved","Sun Mar 02 07:53:19 GMT 2014","Sun Mar 02 07:54:12 GMT 2014","Mon Mar 03 23:54:12 PST 2014","Sun Mar 02 07:32:06 PST 2014","","","53","100% (247/247)","100% (247/247)","100% (50/50)","7:03","https://www.diigo.com/item/p/qqpcbpqzcaasoposbzbcspqpcs","https://www.diigo.com/item/p/qqpcbpqzcabepbasqzbdaaascc","Arianne Cohen","http://bit.ly/1eOLmjb","7:03 am: Woke early to get Son #30ff. 7:50 am: Grabbing a few minutes to punch in 'anal humiliation' on Google. Looking but not touching. 8:30 am: Making W a cup of tea. Just asked her how she is. 'It feels like it has already been a very long ...","The Sex Diaries"
"2SIHFL42J1L3QBM1WMD0TGFKI3IN2C","2KZXBAT2D5NVJQG9X5RJR5TYMOU62I","Find time stamps in narrative books/novels using Advanced Google Book Search","Use Google Book Search to find 60 time stamps in novels and narrative nonfiction and report author, title, sentences, create a bitly link and image source URL","data collection, books, google search, time stamps","$0.20","Sat Mar 01 23:11:01 GMT 2014","1","BatchId:1437771;","420","172800","Sat Mar 08 23:11:01 GMT 2014","","","2AYUFBNFSVGZ6IE3Z7N6YG1FXCGJ5J","A2SD7GN80U31GW","Approved","Sun Mar 02 01:19:08 GMT 2014","Sun Mar 02 01:20:03 GMT 2014","Mon Mar 03 17:20:03 PST 2014","Sun Mar 02 07:32:07 PST 2014","","","55","100% (161/161)","100% (161/161)","100% (1/1)","7:04","https://www.diigo.com/item/p/qqpcbpqzcaasoposbzbcspqpcs","https://www.diigo.com/item/p/qqpcbpqzcabepbasqzbdaaascc","Bevin Alexander","http://bit.ly/1hAoU1z","However, a sea fight broke out north of Casablanca at 7:04 A.M., November 8, between the American battleship Massachusetts and two French heavy cruisers, coastal batteries, and the battleship jean Bart, which lay immobile in Casablanca ...","How Hitler Could Have Won World War II: The Fatal Errors ..."
"2LTLYHVI44OXNNWO2SEEASBAQVS3XN","2KZXBAT2D5NVJQG9X5RJR5TYMOU62I","Find time stamps in narrative books/novels using Advanced Google Book Search","Use Google Book Search to find 60 time stamps in novels and narrative nonfiction and report author, title, sentences, create a bitly link and image source URL","data collection, books, google search, time stamps","$0.20","Sat Mar 01 23:11:02 GMT 2014","1","BatchId:1437771;","420","172800","Sat Mar 08 23:11:02 GMT 2014","","","2IKV7WGKCCVQ66N4XIDHLPQ4HJQT3K","AZMJHIX05LZ7D","Approved","Sun Mar 02 08:06:11 GMT 2014","Sun Mar 02 08:09:13 GMT 2014","Tue Mar 04 00:09:13 PST 2014","Sun Mar 02 07:32:07 PST 2014","","","182","100% (71/71)","100% (71/71)","0% (0/0)","7:05","https://www.diigo.com/item/p/qqpcbpqzcaasoposbzbcspqpcs","https://www.diigo.com/item/p/qqpcbpqzcabepbasqzbdaaascc","P. Coleonn","http://bit.ly/1eOO5Jc","Nevaeh: (7:05 a.m.) “It wouldn't all be a lie, you will be at a play, but you will be playing with me (smile).” Ron: (7:05 a.m.) “See you then, we'll meet at the same hotel in Brookfield.” Nevaeh got up and showered, all the while thinking about ...","Addicted to the Life: Money, Fame, Women, Game"
"23B6YTWX4H3MNSMY7O0GT6IJS1M3YT","2KZXBAT2D5NVJQG9X5RJR5TYMOU62I","Find time stamps in narrative books/novels using Advanced Google Book Search","Use Google Book Search to find 60 time stamps in novels and narrative nonfiction and report author, title, sentences, create a bitly link and image source URL","data collection, books, google search, time stamps","$0.20","Sat Mar 01 23:11:02 GMT 2014","1","BatchId:1437771;","420","172800","Sat Mar 08 23:11:02 GMT 2014","","","2APULRGNTBJ87PORZUG7Y62KMLCT7P","AMEMFG7OIAS61","Approved","Sun Mar 02 08:07:36 GMT 2014","Sun Mar 02 08:13:03 GMT 2014","Tue Mar 04 00:13:03 PST 2014","Sun Mar 02 07:32:07 PST 2014","","","327","100% (247/247)","100% (247/247)","100% (50/50)","7:07","https://www.diigo.com/item/p/qqpcbpqzcaasoposbzbcspqpcs","https://www.diigo.com/item/p/qqpcbpqzcabepbasqzbdaaascc","ohn Prados","http://bit.ly/1hBbm64","... he turned to intelligence officer Layton. ""Well,"" Nimitz said, ""you were only five miles, five degrees, and five minutes off."" Like the american carriers, midway itself launched all available planes, for more than an hour beginning at 7:07 a.m..","Combined fleet decoded: the secret history of American intelligence and the Japanese Navy in World War II"
"27IONNVRH1KM9CPALQY6YV9LLMOXOC","2KZXBAT2D5NVJQG9X5RJR5TYMOU62I","Find time stamps in narrative books/novels using Advanced Google Book Search","Use Google Book Search to find 60 time stamps in novels and narrative nonfiction and report author, title, sentences, create a bitly link and image source URL","data collection, books, google search, time stamps","$0.20","Sat Mar 01 23:11:02 GMT 2014","1","BatchId:1437771;","420","172800","Sat Mar 08 23:11:02 GMT 2014","","","2JUNJKM05BMOEXSSQH7T09RAC1XHCJ","A2SD7GN80U31GW","Approved","Sun Mar 02 00:49:12 GMT 2014","Sun Mar 02 00:49:58 GMT 2014","Mon Mar 03 16:49:58 PST 2014","Sun Mar 02 07:32:07 PST 2014","","","46","100% (161/161)","100% (161/161)","100% (1/1)","7:09","https://www.diigo.com/item/p/qqpcbpqzcaasoposbzbcspqpcs","https://www.diigo.com/item/p/qqpcbpqzcabepbasqzbdaaascc","John Hamamura","http://bit.ly/1fz89zm","By the time the all-clear sounds, Akemi is walking across a bridge halfway to work, and her mother is home, washing the breakfast dishes. The lone plane that triggers the 7:09 a.m. alert is the Straight Flush, a weather scout, piloted by Captain ...","Color of the Sea"
"2KXDEY5COW0Q1UAX2RIFWC6VOKGV4X","2KZXBAT2D5NVJQG9X5RJR5TYMOU62I","Find time stamps in narrative books/novels using Advanced Google Book Search","Use Google Book Search to find 60 time stamps in novels and narrative nonfiction and report author, title, sentences, create a bitly link and image source URL","data collection, books, google search, time stamps","$0.20","Sat Mar 01 23:11:02 GMT 2014","1","BatchId:1437771;","420","172800","Sat Mar 08 23:11:02 GMT 2014","","","2LDYHVI44OS75O52725Z3BAPAL4Y4Z","A37DR4QS4A5W5W","Approved","Sun Mar 02 07:54:23 GMT 2014","Sun Mar 02 07:56:34 GMT 2014","Mon Mar 03 23:56:34 PST 2014","Sun Mar 02 07:32:07 PST 2014","","","131","100% (168/168)","100% (168/168)","0% (0/0)","7:10","https://www.diigo.com/item/p/qqpcbpqzcaasoposbzbcspqpcs","https://www.diigo.com/item/p/qqpcbpqzcabepbasqzbdaaascc","Jud Wilhite, ‎Bill Taaffe","http://bit.ly/1mV2ZEs","7:10 a.m. It had been a quiet night in the Southwest district, so Henry and another sergeant had combined their squads and were wrapping up the morning briefing. Henry had started in patrol just two weeks before, after spending five years in ...","Uncensored Grace: Stories of Hope from the Streets of Vegas"
"2YVM25L8I9N4H9S8TLFEFQW7UYNSI4","2KZXBAT2D5NVJQG9X5RJR5TYMOU62I","Find time stamps in narrative books/novels using Advanced Google Book Search","Use Google Book Search to find 60 time stamps in novels and narrative nonfiction and report author, title, sentences, create a bitly link and image source URL","data collection, books, google search, time stamps","$0.20","Sat Mar 01 23:11:02 GMT 2014","1","BatchId:1437771;","420","172800","Sat Mar 08 23:11:02 GMT 2014","","","2G5G67D1X3V50NB6IZTJP1M7UUNIBJ","A33UJ3SXS0H7SH","Approved","Sun Mar 02 07:57:29 GMT 2014","Sun Mar 02 07:58:06 GMT 2014","Mon Mar 03 23:58:06 PST 2014","Sun Mar 02 07:32:07 PST 2014","","","37","100% (220/220)","100% (220/220)","100% (46/46)","7:12","https://www.diigo.com/item/p/qqpcbpqzcaasoposbzbcspqpcs","https://www.diigo.com/item/p/qqpcbpqzcabepbasqzbdaaascc","Lynn Michaels","http://bit.ly/1ckoi1h","It began when she woke with a start at 7:12 A.M. Her clock radio should have wakened her at six, but the alarm was set on P.M. instead of A.M. She'd forgotten to check it at 2 A.M. Sunday when she turned the clocks back an hour from daylight ...","Mother of the Bride"
"2CPWGKCCVLL8XDEXGW1P14C9OGBV52","2KZXBAT2D5NVJQG9X5RJR5TYMOU62I","Find time stamps in narrative books/novels using Advanced Google Book Search","Use Google Book Search to find 60 time stamps in novels and narrative nonfiction and report author, title, sentences, create a bitly link and image source URL","data collection, books, google search, time stamps","$0.20","Sat Mar 01 23:11:02 GMT 2014","1","BatchId:1437771;","420","172800","Sat Mar 08 23:11:02 GMT 2014","","","2XDVWJ5OPB03GJA2S1NBIEP9ZCT4WT","A2SD7GN80U31GW","Approved","Sun Mar 02 00:23:59 GMT 2014","Sun Mar 02 00:25:06 GMT 2014","Mon Mar 03 16:25:06 PST 2014","Sun Mar 02 07:32:08 PST 2014","","","67","100% (161/161)","100% (161/161)","100% (1/1)","7:13","https://www.diigo.com/item/p/qqpcbpqzcaasoposbzbcspqpcs","https://www.diigo.com/item/p/qqpcbpqzcabepbasqzbdaaascc","Lauren Morrill","http://bit.ly/1jJdY2z","I tap the Answerbuttonafter seeingthetime: 7:13 a.m. Two minutes before my alarm is set to go off. “How's life among the rhinestone band?” “No rhinestones yet,” Sloane Devon says. I barely know her, but hearing hervoice isoddly comforting.","Being Sloane Jacobs"
"2CZ8MZ9O9Z6PH7AG4E8H2RLFRQ51AP","2KZXBAT2D5NVJQG9X5RJR5TYMOU62I","Find time stamps in narrative books/novels using Advanced Google Book Search","Use Google Book Search to find 60 time stamps in novels and narrative nonfiction and report author, title, sentences, create a bitly link and image source URL","data collection, books, google search, time stamps","$0.20","Sat Mar 01 23:11:02 GMT 2014","1","BatchId:1437771;","420","172800","Sat Mar 08 23:11:02 GMT 2014","","","2L5DP8PJWKUIYB8G5IH3KZ0BB3RI7Q","A2SD7GN80U31GW","Approved","Sun Mar 02 03:56:12 GMT 2014","Sun Mar 02 03:57:21 GMT 2014","Mon Mar 03 19:57:21 PST 2014","Sun Mar 02 07:32:08 PST 2014","","","69","100% (161/161)","100% (161/161)","100% (1/1)","7:14","https://www.diigo.com/item/p/qqpcbpqzcaasoposbzbcspqpcs","https://www.diigo.com/item/p/qqpcbpqzcabepbasqzbdaaascc","Russell Banks","http://bit.ly/NHZ8hw","In seconds the woman appeared to be sleeping. The train followed the glittering waters of the Rhine north and west into the German heartland. At exactly 7:14 A.M . central European time, as scheduled, the night train from Zurich arrived at the ...","The Reserve"
"2ZO2NJQ21724UC1B0QBLNVEBVRKXPT","2KZXBAT2D5NVJQG9X5RJR5TYMOU62I","Find time stamps in narrative books/novels using Advanced Google Book Search","Use Google Book Search to find 60 time stamps in novels and narrative nonfiction and report author, title, sentences, create a bitly link and image source URL","data collection, books, google search, time stamps","$0.20","Sat Mar 01 23:11:02 GMT 2014","1","BatchId:1437771;","420","172800","Sat Mar 08 23:11:02 GMT 2014","","","2FD8I9NZW6HJK9Z8Y5N74869L3EWMG","A2SD7GN80U31GW","Approved","Sun Mar 02 00:49:59 GMT 2014","Sun Mar 02 00:51:26 GMT 2014","Mon Mar 03 16:51:26 PST 2014","Sun Mar 02 07:32:08 PST 2014","","","87","100% (161/161)","100% (161/161)","100% (1/1)","7:15","https://www.diigo.com/item/p/qqpcbpqzcaasoposbzbcspqpcs","https://www.diigo.com/item/p/qqpcbpqzcabepbasqzbdaaascc","Echo Heron","http://bit.ly/1kEIfiU","... like lifetime free ride vouchers, sure that they are entitled to some kind of hop-to priority service. The winner of the Medicaid Abuser of the Year Award went to the patient who came in via ambulance at 7:15 A.M., complaining of a sore throat.","Tending Lives: Nurses on the Medical Front"
"20N1Y7QEOZF3BVC6M8DOQXRDTUZHEZ","2KZXBAT2D5NVJQG9X5RJR5TYMOU62I","Find time stamps in narrative books/novels using Advanced Google Book Search","Use Google Book Search to find 60 time stamps in novels and narrative nonfiction and report author, title, sentences, create a bitly link and image source URL","data collection, books, google search, time stamps","$0.20","Sat Mar 01 23:11:02 GMT 2014","1","BatchId:1437771;","420","172800","Sat Mar 08 23:11:02 GMT 2014","","","2DPUYT3DHJHUPEO7EVVYJRSXE770TX","AMEMFG7OIAS61","Approved","Sun Mar 02 07:56:52 GMT 2014","Sun Mar 02 07:57:42 GMT 2014","Mon Mar 03 23:57:42 PST 2014","Sun Mar 02 07:32:08 PST 2014","","","50","100% (247/247)","100% (247/247)","100% (50/50)","7:16","https://www.diigo.com/item/p/qqpcbpqzcaasoposbzbcspqpcs","https://www.diigo.com/item/p/qqpcbpqzcabepbasqzbdaaascc","Michelle Richmond","http://bit.ly/NiyrQv","... asylum, ex- convicts who want a friend releasedfrom prison. The worst kind ofhostage taker isone who hasno set demands, one who alreadyfeels his life is worth nothing, someone with nothing tolose. 13 7:16 a.m. I turn up the volume on the.","Golden State: A Novel"
"2IJK274J79KVH9C2HJXU8FCD5VEHFH","2KZXBAT2D5NVJQG9X5RJR5TYMOU62I","Find time stamps in narrative books/novels using Advanced Google Book Search","Use Google Book Search to find 60 time stamps in novels and narrative nonfiction and report author, title, sentences, create a bitly link and image source URL","data collection, books, google search, time stamps","$0.20","Sat Mar 01 23:11:02 GMT 2014","1","BatchId:1437771;","420","172800","Sat Mar 08 23:11:02 GMT 2014","","","2XLL0XULRGNYWMEGGSO5QP7NBBD4QQ","A2SD7GN80U31GW","Approved","Sun Mar 02 01:00:03 GMT 2014","Sun Mar 02 01:01:03 GMT 2014","Mon Mar 03 17:01:03 PST 2014","Sun Mar 02 07:32:08 PST 2014","","","60","100% (161/161)","100% (161/161)","100% (1/1)","7:17","https://www.diigo.com/item/p/qqpcbpqzcaasoposbzbcspqpcs","https://www.diigo.com/item/p/qqpcbpqzcabepbasqzbdaaascc","Scott Patterson","http://bit.ly/1hQcBwW","Smelcer said, “Hold it a minute, Leo. Tom Theobald just walked in."" Theobald was chairman of Continental. After a few minutes, Smelcer was back. “Leo. we're okay. Tom said go ahead. You've got your money."" It was 7:17 A.M., three minutes ...","The Quants: How a New Breed of Math Whizzes Conquered Wall ..."
"2C6X7H57DZKU0HF8AS8DX25L98Q1BK","2KZXBAT2D5NVJQG9X5RJR5TYMOU62I","Find time stamps in narrative books/novels using Advanced Google Book Search","Use Google Book Search to find 60 time stamps in novels and narrative nonfiction and report author, title, sentences, create a bitly link and image source URL","data collection, books, google search, time stamps","$0.20","Sat Mar 01 23:11:03 GMT 2014","1","BatchId:1437771;","420","172800","Sat Mar 08 23:11:03 GMT 2014","","","29NXX2Q45UUPBR9AHXN1YS8OL9TASV","A2SD7GN80U31GW","Approved","Sun Mar 02 00:32:27 GMT 2014","Sun Mar 02 00:35:44 GMT 2014","Mon Mar 03 16:35:44 PST 2014","Sun Mar 02 07:32:08 PST 2014","","","197","100% (161/161)","100% (161/161)","100% (1/1)","7:18","https://www.diigo.com/item/p/qqpcbpqzcaasoposbzbcspqpcs","https://www.diigo.com/item/p/qqpcbpqzcabepbasqzbdaaascc","Robert K. Massie","http://bit.ly/OOj1oe","At 7:18 a.m., when the German ships first arrived off Hartlepool, Hipper could see the streetlights of the town and the flames of factory furnaces. Hartlepool was known to be a defended port and the young captain of the submarine U-27, which ...","Castles of Steel: Britain, Germany, and the Winning of the ..."
"2CO6RLPHIT3MGZLPEXX2YJQ22XJ9HH","2KZXBAT2D5NVJQG9X5RJR5TYMOU62I","Find time stamps in narrative books/novels using Advanced Google Book Search","Use Google Book Search to find 60 time stamps in novels and narrative nonfiction and report author, title, sentences, create a bitly link and image source URL","data collection, books, google search, time stamps","$0.20","Sat Mar 01 23:11:03 GMT 2014","1","BatchId:1437771;","420","172800","Sat Mar 08 23:11:03 GMT 2014","","","2118D8J3VE71DV4HSR73XCK8F36IYZ","AMEMFG7OIAS61","Approved","Sun Mar 02 08:03:20 GMT 2014","Sun Mar 02 08:04:06 GMT 2014","Tue Mar 04 00:04:06 PST 2014","Sun Mar 02 07:32:09 PST 2014","","","46","100% (247/247)","100% (247/247)","100% (50/50)","7:19","https://www.diigo.com/item/p/qqpcbpqzcaasoposbzbcspqpcs","https://www.diigo.com/item/p/qqpcbpqzcabepbasqzbdaaascc","James Ellroy","http://bit.ly/1d9N6qO","They buckled and pitched loreword. The masked men shot them in the head point-blank. The thuds and skull crack muifle-echoed. it's 7:19 am. it's still quiet. There's no loot traific and car-crash hubbub yet. Noise now—two gunshots plus loud ...","Blood's A Rover"
"2T7WZ9RNDWITG431M2UD4GU14OUET6","2KZXBAT2D5NVJQG9X5RJR5TYMOU62I","Find time stamps in narrative books/novels using Advanced Google Book Search","Use Google Book Search to find 60 time stamps in novels and narrative nonfiction and report author, title, sentences, create a bitly link and image source URL","data collection, books, google search, time stamps","$0.20","Sat Mar 01 23:11:03 GMT 2014","1","BatchId:1437771;","420","172800","Sat Mar 08 23:11:03 GMT 2014","","","2H51X3V0FK0H9NDD8GD70KK9Q0SFM5","A2SD7GN80U31GW","Approved","Sun Mar 02 02:56:39 GMT 2014","Sun Mar 02 02:58:23 GMT 2014","Mon Mar 03 18:58:23 PST 2014","Sun Mar 02 07:32:09 PST 2014","","","104","100% (161/161)","100% (161/161)","100% (1/1)","7:20","https://www.diigo.com/item/p/qqpcbpqzcaasoposbzbcspqpcs","https://www.diigo.com/item/p/qqpcbpqzcabepbasqzbdaaascc","Laura Buzo","http://bit.ly/1bWoN14","Basketball practice at 7:20 a.m. Double history, double math. Work after school from four till nine. I'll leave the house at 6:20 a.m. in my sports gear and take the bus(es) to school by 7:20. It's too cold to walk now that it's winter. I pack my tote ...","Love and Other Perishable Items"
"29TRI8IUB2YZUBUBM8CBEL0FC9Q6IW","2KZXBAT2D5NVJQG9X5RJR5TYMOU62I","Find time stamps in narrative books/novels using Advanced Google Book Search","Use Google Book Search to find 60 time stamps in novels and narrative nonfiction and report author, title, sentences, create a bitly link and image source URL","data collection, books, google search, time stamps","$0.20","Sat Mar 01 23:11:03 GMT 2014","1","BatchId:1437771;","420","172800","Sat Mar 08 23:11:03 GMT 2014","","","2GKK9RJ85OZNKHSG4PGMZOQ5J5J7V8","A2SD7GN80U31GW","Approved","Sun Mar 02 01:43:14 GMT 2014","Sun Mar 02 01:44:04 GMT 2014","Mon Mar 03 17:44:04 PST 2014","Sun Mar 02 07:32:09 PST 2014","","","50","100% (161/161)","100% (161/161)","100% (1/1)","7:21","https://www.diigo.com/item/p/qqpcbpqzcaasoposbzbcspqpcs","https://www.diigo.com/item/p/qqpcbpqzcabepbasqzbdaaascc","Jan Bozarth","http://bit.ly/1mNyuUf","NIy green digital alarm clock read 7 :21 a.m. l\/Iy sheets were cool and soft to the touch, and I was wearing my pajamas. Although I was glad to be home, I felt a twinge of regret For the new Friends I had left in Aventurine. I didn't know when I'd ...","The Fairy Godmother Academy #5: Sumi's Book"
"2JVIPDOBDDPDAM7EOS488MB3RTQ1CR","2KZXBAT2D5NVJQG9X5RJR5TYMOU62I","Find time stamps in narrative books/novels using Advanced Google Book Search","Use Google Book Search to find 60 time stamps in novels and narrative nonfiction and report author, title, sentences, create a bitly link and image source URL","data collection, books, google search, time stamps","$0.20","Sat Mar 01 23:11:03 GMT 2014","1","BatchId:1437771;","420","172800","Sat Mar 08 23:11:03 GMT 2014","","","2NGBDDP8PJWPFGO2R123139Z5LAG5P","AMEMFG7OIAS61","Approved","Sun Mar 02 08:01:32 GMT 2014","Sun Mar 02 08:02:20 GMT 2014","Tue Mar 04 00:02:20 PST 2014","Sun Mar 02 07:32:09 PST 2014","","","48","100% (247/247)","100% (247/247)","100% (50/50)","7:22","https://www.diigo.com/item/p/qqpcbpqzcaasoposbzbcspqpcs","https://www.diigo.com/item/p/qqpcbpqzcabepbasqzbdaaascc","Sandra Neil Wallace","http://bit.ly/1mNTavx","... back and throw that football like you ownit,” Coach hollers. He maneuvers the bus past can't me, and I see the Peaks anymore. Just two red taillights blinking back at me. Chapter 12 ANGRY EVER SINCE MONDAY, SEPTEMBER 11 7:22 A.M.","Muckers"
"2E2O2L92HEC1V98XS33CQ0CP6AEHGG","2KZXBAT2D5NVJQG9X5RJR5TYMOU62I","Find time stamps in narrative books/novels using Advanced Google Book Search","Use Google Book Search to find 60 time stamps in novels and narrative nonfiction and report author, title, sentences, create a bitly link and image source URL","data collection, books, google search, time stamps","$0.20","Sat Mar 01 23:11:03 GMT 2014","1","BatchId:1437771;","420","172800","Sat Mar 08 23:11:03 GMT 2014","","","2C55NQYN5F3VLMRZNDDNNWYB9IC8C0","A2SD7GN80U31GW","Approved","Sun Mar 02 03:38:23 GMT 2014","Sun Mar 02 03:39:28 GMT 2014","Mon Mar 03 19:39:28 PST 2014","Sun Mar 02 07:32:09 PST 2014","","","65","100% (161/161)","100% (161/161)","100% (1/1)","7:23","https://www.diigo.com/item/p/qqpcbpqzcaasoposbzbcspqpcs","https://www.diigo.com/item/p/qqpcbpqzcabepbasqzbdaaascc","Barbara Delinsky","http://bit.ly/1fzjMGA","She called friends to share the news — Elizabeth Ames Clarke, seven pounds, nineteen inches, born at 7:23 a.m. She knitted between calls, nursed the baby again, had toast and tea, then stood over the crib until her legs wobbled, before ...","Family Tree"
"26OAUC26DG6CY48XPF6KBCOK39VC5K","2KZXBAT2D5NVJQG9X5RJR5TYMOU62I","Find time stamps in narrative books/novels using Advanced Google Book Search","Use Google Book Search to find 60 time stamps in novels and narrative nonfiction and report author, title, sentences, create a bitly link and image source URL","data collection, books, google search, time stamps","$0.20","Sat Mar 01 23:11:03 GMT 2014","1","BatchId:1437771;","420","172800","Sat Mar 08 23:11:03 GMT 2014","","","223RI8IUB2YZUBUBM8CBEL0FGTD6IN","A33UJ3SXS0H7SH","Approved","Sun Mar 02 08:09:00 GMT 2014","Sun Mar 02 08:09:50 GMT 2014","Tue Mar 04 00:09:50 PST 2014","Sun Mar 02 07:32:09 PST 2014","","","50","100% (220/220)","100% (220/220)","100% (46/46)","7:25","https://www.diigo.com/item/p/qqpcbpqzcaasoposbzbcspqpcs","https://www.diigo.com/item/p/qqpcbpqzcabepbasqzbdaaascc","James D. Hornfischer","http://bit.ly/1eEYmME","Despite the twenty-nineminutes of ambiguity—and twenty-nine minutes is an eternity in a running battle—we do know with near certainty that the Hoel was first hitat 7:25. At 7:25 A.M.the Hoel's impossible luck ran out. Leon Kintberger had ...","The Last Stand of the Tin Can Sailors: The Extraordinary World War II Story of the U.S. Navy's Finest Hour"
"2VMBLYHVI44TD5VFON4NPZSBBFN2WJ","2KZXBAT2D5NVJQG9X5RJR5TYMOU62I","Find time stamps in narrative books/novels using Advanced Google Book Search","Use Google Book Search to find 60 time stamps in novels and narrative nonfiction and report author, title, sentences, create a bitly link and image source URL","data collection, books, google search, time stamps","$0.20","Sat Mar 01 23:11:03 GMT 2014","1","BatchId:1437771;","420","172800","Sat Mar 08 23:11:03 GMT 2014","","","2P5EY5COW0LLC2E2666LN6VNZ8N5WY","A2SD7GN80U31GW","Approved","Sun Mar 02 00:05:45 GMT 2014","Sun Mar 02 00:06:57 GMT 2014","Mon Mar 03 16:06:57 PST 2014","Sun Mar 02 07:32:09 PST 2014","","","72","100% (161/161)","100% (161/161)","100% (1/1)","7:27","https://www.diigo.com/item/p/qqpcbpqzcaasoposbzbcspqpcs","https://www.diigo.com/item/p/qqpcbpqzcabepbasqzbdaaascc","Michael Crichton","http://bit.ly/MERaog","The future of Norton Aircraft is riding on this investigation. So I don't want to hear anything but answers. And I want them inside a week. See you tomorrow.” He turned on his heel and walked out of the room. WAR ROOM 7:27 A.M. “What an ...","Airframe: A Novel"
"22T3L0FBJ9ITWMPDLTMEGRPR3CGZNV","2KZXBAT2D5NVJQG9X5RJR5TYMOU62I","Find time stamps in narrative books/novels using Advanced Google Book Search","Use Google Book Search to find 60 time stamps in novels and narrative nonfiction and report author, title, sentences, create a bitly link and image source URL","data collection, books, google search, time stamps","$0.20","Sat Mar 01 23:11:03 GMT 2014","1","BatchId:1437771;","420","172800","Sat Mar 08 23:11:03 GMT 2014","","","2RQW2GTP9RACD87GVL0Y3OF75SHUPE","A2SD7GN80U31GW","Approved","Sun Mar 02 02:51:11 GMT 2014","Sun Mar 02 02:52:02 GMT 2014","Mon Mar 03 18:52:02 PST 2014","Sun Mar 02 07:32:10 PST 2014","","","51","100% (161/161)","100% (161/161)","100% (1/1)","7:28","https://www.diigo.com/item/p/qqpcbpqzcaasoposbzbcspqpcs","https://www.diigo.com/item/p/qqpcbpqzcabepbasqzbdaaascc","Henning Mankell","http://bit.ly/1eE3l0f","When the ambulance had vanished down the road, Wallander and Peters went outside. Norén was wiping his face with a handkerchief. The dawn was approaching. Wallander looked at his wristwatch. It was 7:28 a.m. “It's a slaughterhouse in ...","Faceless Killers"
"2522JE1M7PKPUO2Q03QAN04L0N6XQK","2KZXBAT2D5NVJQG9X5RJR5TYMOU62I","Find time stamps in narrative books/novels using Advanced Google Book Search","Use Google Book Search to find 60 time stamps in novels and narrative nonfiction and report author, title, sentences, create a bitly link and image source URL","data collection, books, google search, time stamps","$0.20","Sat Mar 01 23:11:03 GMT 2014","1","BatchId:1437771;","420","172800","Sat Mar 08 23:11:03 GMT 2014","","","2XIQ7Q67051V5FYLVHKQN1XMLRRXDR","A2SD7GN80U31GW","Approved","Sun Mar 02 00:30:21 GMT 2014","Sun Mar 02 00:31:22 GMT 2014","Mon Mar 03 16:31:22 PST 2014","Sun Mar 02 07:32:10 PST 2014","","","61","100% (161/161)","100% (161/161)","100% (1/1)","7:29","https://www.diigo.com/item/p/qqpcbpqzcaasoposbzbcspqpcs","https://www.diigo.com/item/p/qqpcbpqzcabepbasqzbdaaascc","Peter Baker","http://bit.ly/NHBhOT","... tothe Willow Lodge, wherethe CampDavid communications center faxed themat 7:09 a.m.Colonel Richard J. Tubbof the air force, the White House physician, then performed the procedure, finishing at 7:29 a.m. without finding any polyps.","Days of Fire: Bush and Cheney in the White House"
"27A1CSTMOFXWYVFC6G5YONXJGCIPSD","2KZXBAT2D5NVJQG9X5RJR5TYMOU62I","Find time stamps in narrative books/novels using Advanced Google Book Search","Use Google Book Search to find 60 time stamps in novels and narrative nonfiction and report author, title, sentences, create a bitly link and image source URL","data collection, books, google search, time stamps","$0.20","Sat Mar 01 23:11:03 GMT 2014","1","BatchId:1437771;","420","172800","Sat Mar 08 23:11:03 GMT 2014","","","22KCXKNQY2RH4NHXTA53SR0KZSDQ1B","AMEMFG7OIAS61","Approved","Sun Mar 02 07:59:16 GMT 2014","Sun Mar 02 08:00:04 GMT 2014","Tue Mar 04 00:00:04 PST 2014","Sun Mar 02 07:32:10 PST 2014","","","48","100% (247/247)","100% (247/247)","100% (50/50)","7:30","https://www.diigo.com/item/p/qqpcbpqzcaasoposbzbcspqpcs","https://www.diigo.com/item/p/qqpcbpqzcabepbasqzbdaaascc","Kenneth H. Cooper","http://bit.ly/1bWUeZb","Exercise, Diet , And Emotional Balance Kenneth H. Cooper. 7:30 am-6 pm, Sat. 8 am-noon Services: ED, MR, PT, WR, ... VIRGINIA Ctr. for Sports Medicine, 2455 Army-Navy Dr., Arlington, VA 22206,(703) 553-2460, hours: 7:30 am-7:30 pm ...","Aerobics Program For Total Well-Being: Exercise, Diet , And Emotional Balance"
"297W1INMHGYVPMEH4QXBQMFFPOF6J8","2KZXBAT2D5NVJQG9X5RJR5TYMOU62I","Find time stamps in narrative books/novels using Advanced Google Book Search","Use Google Book Search to find 60 time stamps in novels and narrative nonfiction and report author, title, sentences, create a bitly link and image source URL","data collection, books, google search, time stamps","$0.20","Sat Mar 01 23:11:03 GMT 2014","1","BatchId:1437771;","420","172800","Sat Mar 08 23:11:03 GMT 2014","","","2PB51Y7QEOZKJT3V67KMZFXRI28DGU","A33UJ3SXS0H7SH","Approved","Sun Mar 02 08:03:47 GMT 2014","Sun Mar 02 08:04:37 GMT 2014","Tue Mar 04 00:04:37 PST 2014","Sun Mar 02 07:32:10 PST 2014","","","50","100% (220/220)","100% (220/220)","100% (46/46)","7:31","https://www.diigo.com/item/p/qqpcbpqzcaasoposbzbcspqpcs","https://www.diigo.com/item/p/qqpcbpqzcabepbasqzbdaaascc","Richard Helms, ‎William Hood","http://bit.ly/1g27W8U","Major Heyser reached the Isle of Pines at 7:31 a.m. EST, a few seconds off schedule. Twelve minutes later, he switched off the cameras and headed for McCoy Air Base in Orlando, Florida. It was, as he put it, a “milk run.” Given the developing ...","A Look Over My Shoulder: A Life in the Central Intelligence Agency"
"2Y9RLFQ0ONN0CKCEB30ERRB77DCSJG","2KZXBAT2D5NVJQG9X5RJR5TYMOU62I","Find time stamps in narrative books/novels using Advanced Google Book Search","Use Google Book Search to find 60 time stamps in novels and narrative nonfiction and report author, title, sentences, create a bitly link and image source URL","data collection, books, google search, time stamps","$0.20","Sat Mar 01 23:11:03 GMT 2014","1","BatchId:1437771;","420","172800","Sat Mar 08 23:11:03 GMT 2014","","","2CI45UUKQOYL8L7VH7ZOR010C1QWEU","A2SD7GN80U31GW","Approved","Sun Mar 02 02:43:18 GMT 2014","Sun Mar 02 02:45:35 GMT 2014","Mon Mar 03 18:45:35 PST 2014","Sun Mar 02 07:32:10 PST 2014","","","137","100% (161/161)","100% (161/161)","100% (1/1)","7:32","https://www.diigo.com/item/p/qqpcbpqzcaasoposbzbcspqpcs","https://www.diigo.com/item/p/qqpcbpqzcabepbasqzbdaaascc","Frank Turner Hollon","http://bit.ly/1eNR58L","Andrews, Suzanne's doctor, for medical records.” “\'\~'as blood drawn from the defendant the morning he was arrested?” “Yes. We got a court order and blood was drawn at the hospital at 7:32 A.M., approximately two and a half hours after the ...","The Point of Fracture"
"2OIG5R98D8J8GHIQM7KN9CG3N21EUX","2KZXBAT2D5NVJQG9X5RJR5TYMOU62I","Find time stamps in narrative books/novels using Advanced Google Book Search","Use Google Book Search to find 60 time stamps in novels and narrative nonfiction and report author, title, sentences, create a bitly link and image source URL","data collection, books, google search, time stamps","$0.20","Sat Mar 01 23:11:03 GMT 2014","1","BatchId:1437771;","420","172800","Sat Mar 08 23:11:03 GMT 2014","","","2ERMAZHHRRLKB3ZHHAIHCKHOENBDMR","A2SD7GN80U31GW","Approved","Sun Mar 02 02:32:32 GMT 2014","Sun Mar 02 02:33:19 GMT 2014","Mon Mar 03 18:33:19 PST 2014","Sun Mar 02 07:32:10 PST 2014","","","47","100% (161/161)","100% (161/161)","100% (1/1)","7:34","https://www.diigo.com/item/p/qqpcbpqzcaasoposbzbcspqpcs","https://www.diigo.com/item/p/qqpcbpqzcabepbasqzbdaaascc","Phil Callaway","http://bit.ly/1fS6Ekv","We have food.” It's not a bad point. “I don't wanna get up.” “Suit yourself.” “I want breakfast. In bed.“ “Ha.” She rolled over and was sound asleep within moments. 7:34 a.m. I abandoned my Miiid I.eak project to avoid 26 To Be Perfectly Honest.","To Be Perfectly Honest: One Man's Year of Almost Living ..."
"2DDOX7H57DZPAIPY8V4HOM25MY00AM","2KZXBAT2D5NVJQG9X5RJR5TYMOU62I","Find time stamps in narrative books/novels using Advanced Google Book Search","Use Google Book Search to find 60 time stamps in novels and narrative nonfiction and report author, title, sentences, create a bitly link and image source URL","data collection, books, google search, time stamps","$0.20","Sat Mar 01 23:11:03 GMT 2014","1","BatchId:1437771;","420","172800","Sat Mar 08 23:11:03 GMT 2014","","","2X1U8P9Y38T1H0TXM9PIX0JTFPHHYT","A2SD7GN80U31GW","Approved","Sun Mar 02 01:37:45 GMT 2014","Sun Mar 02 01:38:58 GMT 2014","Mon Mar 03 17:38:58 PST 2014","Sun Mar 02 07:32:10 PST 2014","","","73","100% (161/161)","100% (161/161)","100% (1/1)","7:35","https://www.diigo.com/item/p/qqpcbpqzcaasoposbzbcspqpcs","https://www.diigo.com/item/p/qqpcbpqzcabepbasqzbdaaascc","Tim O'Brien","http://bit.ly/NHIIpn","Mrs. Kooshof rose at 7:35 A.M. (Foggy-minded I may have become, yet to the end I remained a cut or two above the average inexact historian. I could be trusted with detail.) It was 7:35 on the dot. She sat down to breakfast in her midnight-blue ...","Tomcat in Love"
"235CWYB49F9XDVSRVGAOYST5IVWPT2","2KZXBAT2D5NVJQG9X5RJR5TYMOU62I","Find time stamps in narrative books/novels using Advanced Google Book Search","Use Google Book Search to find 60 time stamps in novels and narrative nonfiction and report author, title, sentences, create a bitly link and image source URL","data collection, books, google search, time stamps","$0.20","Sat Mar 01 23:11:03 GMT 2014","1","BatchId:1437771;","420","172800","Sat Mar 08 23:11:03 GMT 2014","","","2E3LYHVI44OXNNWO2SEEASBAUE73X4","A2SD7GN80U31GW","Approved","Sun Mar 02 03:12:28 GMT 2014","Sun Mar 02 03:13:26 GMT 2014","Mon Mar 03 19:13:26 PST 2014","Sun Mar 02 07:32:10 PST 2014","","","58","100% (161/161)","100% (161/161)","100% (1/1)","7:36","https://www.diigo.com/item/p/qqpcbpqzcaasoposbzbcspqpcs","https://www.diigo.com/item/p/qqpcbpqzcabepbasqzbdaaascc","Michele Jaffe","http://bit.ly/1fSaQAI","At 7:36 A.M. Imogen was pretty sure she knew Loverboy's identity, but she could not get it confirmed for seven hours. Unable to sleep at three A.M., she had started doing one of Martina Kidd's book of crossword puzzles. By six she had finished ...","Loverboy: A Novel"
"27L9Z0B6UTOBE7PPM8MRVGPWTMLZOA","2KZXBAT2D5NVJQG9X5RJR5TYMOU62I","Find time stamps in narrative books/novels using Advanced Google Book Search","Use Google Book Search to find 60 time stamps in novels and narrative nonfiction and report author, title, sentences, create a bitly link and image source URL","data collection, books, google search, time stamps","$0.20","Sat Mar 01 23:11:03 GMT 2014","1","BatchId:1437771;","420","172800","Sat Mar 08 23:11:03 GMT 2014","","","2DGU3K4F0OHTGUCYCCBODL92MOG10P","AMEMFG7OIAS61","Approved","Sun Mar 02 08:00:59 GMT 2014","Sun Mar 02 08:01:31 GMT 2014","Tue Mar 04 00:01:31 PST 2014","Sun Mar 02 07:32:11 PST 2014","","","32","100% (247/247)","100% (247/247)","100% (50/50)","7:38","https://www.diigo.com/item/p/qqpcbpqzcaasoposbzbcspqpcs","https://www.diigo.com/item/p/qqpcbpqzcabepbasqzbdaaascc","Arianne Cohen","http://bit.ly/1eOMFOY","And my fella is here. Mmmmmm. 12:15 am: Really lovely night with Luke. He was generally touchyfeely, and said all the right things, like, 'I'm not going anywhere.' Nice. FRIDAY 7:38 am: Luke is so sexy with his smooth skin and ample cock.","The Sex Diaries"
"2X6OGQSCM6IFV538C9LUB0OQLARHHF","2KZXBAT2D5NVJQG9X5RJR5TYMOU62I","Find time stamps in narrative books/novels using Advanced Google Book Search","Use Google Book Search to find 60 time stamps in novels and narrative nonfiction and report author, title, sentences, create a bitly link and image source URL","data collection, books, google search, time stamps","$0.20","Sat Mar 01 23:11:03 GMT 2014","1","BatchId:1437771;","420","172800","Sat Mar 08 23:11:03 GMT 2014","","","27P2Q45UUKQTJJYCQGESJOG06AACUS","A33UJ3SXS0H7SH","Approved","Sun Mar 02 07:59:22 GMT 2014","Sun Mar 02 08:00:08 GMT 2014","Tue Mar 04 00:00:08 PST 2014","Sun Mar 02 07:32:11 PST 2014","","","46","100% (220/220)","100% (220/220)","100% (46/46)","7:39","https://www.diigo.com/item/p/qqpcbpqzcaasoposbzbcspqpcs","https://www.diigo.com/item/p/qqpcbpqzcabepbasqzbdaaascc","Lynn H. Nicholas","http://bit.ly/NiyKee","Rorimer heard of all this at 7:39 a.m. on September 16. A lieutenant does not normally remove the Supreme Commander's furniture, but despite this discrepancy in rank the items taken from Versailles were on their way back within twenty-four ...","The Rape of Europa: The Fate of Europe's Treasures in the Third Reich and the Second World War"
"2DKDIPDOBDDUTSUQE94DJXMB4GL0BH","2KZXBAT2D5NVJQG9X5RJR5TYMOU62I","Find time stamps in narrative books/novels using Advanced Google Book Search","Use Google Book Search to find 60 time stamps in novels and narrative nonfiction and report author, title, sentences, create a bitly link and image source URL","data collection, books, google search, time stamps","$0.20","Sat Mar 01 23:11:04 GMT 2014","1","BatchId:1437771;","420","172800","Sat Mar 08 23:11:04 GMT 2014","","","21KQV66RLPHNE6SPQPMKT62NO066EE","AMEMFG7OIAS61","Approved","Sun Mar 02 08:07:46 GMT 2014","Sun Mar 02 08:13:49 GMT 2014","Tue Mar 04 00:13:49 PST 2014","Sun Mar 02 07:32:11 PST 2014","","","363","100% (247/247)","100% (247/247)","100% (50/50)","7:40","https://www.diigo.com/item/p/qqpcbpqzcaasoposbzbcspqpcs","https://www.diigo.com/item/p/qqpcbpqzcabepbasqzbdaaascc","Princeton Review","http://bit.ly/1fSxhpk","A The train that departs at 7:40 a.M. B The train that departs at 9:00 a.M. C The train that departs at 10:15 a.M. D The train that departs at 12:00 noon 56. In isosceles triangle ABC, the measure of the vertex angle is more than twice the measure ...","Roadmap to the California High School Exit Exam: Mathematics"
"214T6YTWX4H82505YS09RI6IKHT2XC","2KZXBAT2D5NVJQG9X5RJR5TYMOU62I","Find time stamps in narrative books/novels using Advanced Google Book Search","Use Google Book Search to find 60 time stamps in novels and narrative nonfiction and report author, title, sentences, create a bitly link and image source URL","data collection, books, google search, time stamps","$0.20","Sat Mar 01 23:11:04 GMT 2014","1","BatchId:1437771;","420","172800","Sat Mar 08 23:11:04 GMT 2014","","","2JQ8TNKIMZSRQNQBMHFMBPGVKCBYBT","A2SD7GN80U31GW","Approved","Sun Mar 02 01:16:17 GMT 2014","Sun Mar 02 01:17:09 GMT 2014","Mon Mar 03 17:17:09 PST 2014","Sun Mar 02 07:32:11 PST 2014","","","52","100% (161/161)","100% (161/161)","100% (1/1)","7:41","https://www.diigo.com/item/p/qqpcbpqzcaasoposbzbcspqpcs","https://www.diigo.com/item/p/qqpcbpqzcabepbasqzbdaaascc","Sari Horwitz, ‎Michael Ruane","http://bit.ly/1bWeo5B","At 7:41 A.M. on October 3, 2002, the Washington morning commuter rush was reaching its height. The major highways that connect to the city like spokes to a hub, and the sixty-four-mile Beltway that rings the capital, were swollen with some of ...","Sniper: The Hunt for the Killers Who Terrorized the Nation"
"2162L92HECWFR0ESIR3FBCP5LN6HI8","2KZXBAT2D5NVJQG9X5RJR5TYMOU62I","Find time stamps in narrative books/novels using Advanced Google Book Search","Use Google Book Search to find 60 time stamps in novels and narrative nonfiction and report author, title, sentences, create a bitly link and image source URL","data collection, books, google search, time stamps","$0.20","Sat Mar 01 23:11:04 GMT 2014","1","BatchId:1437771;","420","172800","Sat Mar 08 23:11:04 GMT 2014","","","25CI62NJQ21CN2K3KWXBVLCVJLXVNI","A33UJ3SXS0H7SH","Approved","Sun Mar 02 07:58:43 GMT 2014","Sun Mar 02 07:59:21 GMT 2014","Mon Mar 03 23:59:21 PST 2014","Sun Mar 02 07:32:11 PST 2014","","","38","100% (220/220)","100% (220/220)","100% (46/46)","7:42","https://www.diigo.com/item/p/qqpcbpqzcaasoposbzbcspqpcs","https://www.diigo.com/item/p/qqpcbpqzcabepbasqzbdaaascc","Vincent V. Loomis, ‎Jeffrey L. Ethell Vincent V. Loomis, ‎Jeffrey L. Ethell Vincent V. Loomis, ‎Jeffrey L. Ethell","http://bit.ly/1ogfIR1","It had been almost two hours since Earhart's last transmission. She was an hour overdue. What was she doing? Where was she? Like an explosion, Amelia's voice burst loud and clear over the speakers at 7:42 A.M. at Howland. She had been ...","Amelia Earhart, the final story"
"2ZRNZW6HEZ6TZ71Q18Z6KGUM3RHZPR","2KZXBAT2D5NVJQG9X5RJR5TYMOU62I","Find time stamps in narrative books/novels using Advanced Google Book Search","Use Google Book Search to find 60 time stamps in novels and narrative nonfiction and report author, title, sentences, create a bitly link and image source URL","data collection, books, google search, time stamps","$0.20","Sat Mar 01 23:11:04 GMT 2014","1","BatchId:1437771;","420","172800","Sat Mar 08 23:11:04 GMT 2014","","","2JKKMT6YTWX926SWJQVDK9GIBRF0V3","A2SD7GN80U31GW","Approved","Sun Mar 02 03:13:26 GMT 2014","Sun Mar 02 03:14:18 GMT 2014","Mon Mar 03 19:14:18 PST 2014","Sun Mar 02 07:32:11 PST 2014","","","52","100% (161/161)","100% (161/161)","100% (1/1)","7:44","https://www.diigo.com/item/p/qqpcbpqzcaasoposbzbcspqpcs","https://www.diigo.com/item/p/qqpcbpqzcabepbasqzbdaaascc","Colum McCann","http://bit.ly/1hvI0Xc","... and socks in a plastic bag, a religious medal, a pair of dark sneakers with the soles worn through, his driver's license, a ticket for parking illegally on John Street at 7:44 a.m. on Wednesday, August 7, a packet of rolling tobacco, some papers, ...","Let the Great World Spin: A Novel"
"2YGW2GTP9RACD87GVL0Y3OF7193PUT","2KZXBAT2D5NVJQG9X5RJR5TYMOU62I","Find time stamps in narrative books/novels using Advanced Google Book Search","Use Google Book Search to find 60 time stamps in novels and narrative nonfiction and report author, title, sentences, create a bitly link and image source URL","data collection, books, google search, time stamps","$0.20","Sat Mar 01 23:11:04 GMT 2014","1","BatchId:1437771;","420","172800","Sat Mar 08 23:11:04 GMT 2014","","","2PVQ0JG5TYMSXZ95YO693SSH2B5GKA","A37DR4QS4A5W5W","Approved","Sun Mar 02 08:10:30 GMT 2014","Sun Mar 02 08:12:28 GMT 2014","Tue Mar 04 00:12:28 PST 2014","Sun Mar 02 07:32:11 PST 2014","","","118","100% (168/168)","100% (168/168)","0% (0/0)","7:45","https://www.diigo.com/item/p/qqpcbpqzcaasoposbzbcspqpcs","https://www.diigo.com/item/p/qqpcbpqzcabepbasqzbdaaascc","Brian Dzyak","http://bit.ly/1mV5xT7","7:45 A.M.-ROLL CAMERA Any lighting or camera setup problems should have been worked out prior to First Team coming to set. but watch the take carefully in case changes are made that require some additional tweaking of flags or other ...","What I Really Want to Do on Set in Hollywood: A Guide to ..."
"2XO7D1X3V0FPLFZEWY51X7PKLZ2KDD","2KZXBAT2D5NVJQG9X5RJR5TYMOU62I","Find time stamps in narrative books/novels using Advanced Google Book Search","Use Google Book Search to find 60 time stamps in novels and narrative nonfiction and report author, title, sentences, create a bitly link and image source URL","data collection, books, google search, time stamps","$0.20","Sat Mar 01 23:11:04 GMT 2014","1","BatchId:1437771;","420","172800","Sat Mar 08 23:11:04 GMT 2014","","","28TTHV8ER9YDEQVCGEJMGKFHXCS3QH","AMEMFG7OIAS61","Approved","Sun Mar 02 08:07:36 GMT 2014","Sun Mar 02 08:12:12 GMT 2014","Tue Mar 04 00:12:12 PST 2014","Sun Mar 02 07:32:11 PST 2014","","","276","100% (247/247)","100% (247/247)","100% (50/50)","7:46","https://www.diigo.com/item/p/qqpcbpqzcaasoposbzbcspqpcs","https://www.diigo.com/item/p/qqpcbpqzcabepbasqzbdaaascc","amille DeAngelis","http://bit.ly/OPcqcY","... her finger in a menacing fashion. “You'll do no such thing,” she hisses. “I'll take care of it.” As Megan jerks the doors open and runs up the stairs, Gray falls onto the couch and tries to steady his breathing. 7:46 A.M. The Master Bedroom ...","Mary Modern: A Novel"
"2Y7CGJ2D21O8H88BUYGP3I2KZ46C60","2KZXBAT2D5NVJQG9X5RJR5TYMOU62I","Find time stamps in narrative books/novels using Advanced Google Book Search","Use Google Book Search to find 60 time stamps in novels and narrative nonfiction and report author, title, sentences, create a bitly link and image source URL","data collection, books, google search, time stamps","$0.20","Sat Mar 01 23:11:04 GMT 2014","1","BatchId:1437771;","420","172800","Sat Mar 08 23:11:04 GMT 2014","","","23YS8SV7WGKHXYWFXR13EMHAUZW0Q5","A2SD7GN80U31GW","Approved","Sun Mar 02 00:41:02 GMT 2014","Sun Mar 02 00:42:44 GMT 2014","Mon Mar 03 16:42:44 PST 2014","Sun Mar 02 07:32:12 PST 2014","","","102","100% (161/161)","100% (161/161)","100% (1/1)","7:50","https://www.diigo.com/item/p/qqpcbpqzcaasoposbzbcspqpcs","https://www.diigo.com/item/p/qqpcbpqzcabepbasqzbdaaascc","Colin Dexter","http://bit.ly/1hvlUEe","Morse, who had stopped ostensibly to survey the ranks of fruit machines in the Novelty Emporium, looked down at his wrist-watch: 7:50 A.M . The ground floor was still deserted, and as yet no delicious smell of fried bacon betrayed the opening ...","The Way Through the Woods"
"28G0LWSBRI8NFEDSOOZJSSTLCT21DR","2KZXBAT2D5NVJQG9X5RJR5TYMOU62I","Find time stamps in narrative books/novels using Advanced Google Book Search","Use Google Book Search to find 60 time stamps in novels and narrative nonfiction and report author, title, sentences, create a bitly link and image source URL","data collection, books, google search, time stamps","$0.20","Sat Mar 01 23:11:04 GMT 2014","1","BatchId:1437771;","420","172800","Sat Mar 08 23:11:04 GMT 2014","","","2N5P8PJWKUDIT0X5X5U9A0B6Z3S8JN","A37DR4QS4A5W5W","Approved","Sun Mar 02 07:57:28 GMT 2014","Sun Mar 02 07:59:44 GMT 2014","Mon Mar 03 23:59:44 PST 2014","Sun Mar 02 07:32:12 PST 2014","","","136","100% (168/168)","100% (168/168)","0% (0/0)","7:51","https://www.diigo.com/item/p/qqpcbpqzcaasoposbzbcspqpcs","https://www.diigo.com/item/p/qqpcbpqzcabepbasqzbdaaascc","Claire Calman","http://bit.ly/NiyH1M","Maybe Nat's sorry for being so foul last night, maybe he's been transformed butterfly-like into a wonderful adult human being? Maybe Rosie's got up to get herself a glass of milk. I turn to look at the clock – 7:51 a.m. I close my eyes again and ...","Lessons For A Sunday Father"
"2GOKW4ZMAZHMCUW9KFFNYVRH2AY9IA","2KZXBAT2D5NVJQG9X5RJR5TYMOU62I","Find time stamps in narrative books/novels using Advanced Google Book Search","Use Google Book Search to find 60 time stamps in novels and narrative nonfiction and report author, title, sentences, create a bitly link and image source URL","data collection, books, google search, time stamps","$0.20","Sat Mar 01 23:11:04 GMT 2014","1","BatchId:1437771;","420","172800","Sat Mar 08 23:11:04 GMT 2014","","","2CYDG67D1X30LIVU63B2UE1MCYHHAM","A2SD7GN80U31GW","Approved","Sun Mar 02 03:43:23 GMT 2014","Sun Mar 02 03:44:53 GMT 2014","Mon Mar 03 19:44:53 PST 2014","Sun Mar 02 07:32:12 PST 2014","","","90","100% (161/161)","100% (161/161)","100% (1/1)","7:53","https://www.diigo.com/item/p/qqpcbpqzcaasoposbzbcspqpcs","https://www.diigo.com/item/p/qqpcbpqzcabepbasqzbdaaascc","Winifred Conkling","http://bit.ly/1cuBRFM","Together they learned that at 7:53 A.M. Hawaii time, Japanese airplanes had bombed the United States naval station at Pearl Harbor. No one knew how many Americans were dead or how many ships had been destroyed. When the report ...","Sylvia & Aki"
"2TYW40SPW1IS7KRSKJA3YAB6C531EK","2KZXBAT2D5NVJQG9X5RJR5TYMOU62I","Find time stamps in narrative books/novels using Advanced Google Book Search","Use Google Book Search to find 60 time stamps in novels and narrative nonfiction and report author, title, sentences, create a bitly link and image source URL","data collection, books, google search, time stamps","$0.20","Sat Mar 01 23:11:04 GMT 2014","1","BatchId:1437771;","420","172800","Sat Mar 08 23:11:04 GMT 2014","","","25CCJ011K2794AKEKBX1JN46Z67AC1","A2SD7GN80U31GW","Approved","Sun Mar 02 00:27:05 GMT 2014","Sun Mar 02 00:28:24 GMT 2014","Mon Mar 03 16:28:24 PST 2014","Sun Mar 02 07:32:12 PST 2014","","","79","100% (161/161)","100% (161/161)","100% (1/1)","7:54","https://www.diigo.com/item/p/qqpcbpqzcaasoposbzbcspqpcs","https://www.diigo.com/item/p/qqpcbpqzcabepbasqzbdaaascc","Tao Lin","http://bit.ly/1lrPjmc","He walked in a distended circle, like a comet's orbit, on the wide sidewalk outside FedEx, which at 7:54 a.m.was lockedand dark,listening to musicthrough earphones, until an employee, seeming to slightly feign, Paul felt, being rushed, ...","Taipei"
"2JME6AUBXHWX2AQF3OMBAWDRMNN2YI","2KZXBAT2D5NVJQG9X5RJR5TYMOU62I","Find time stamps in narrative books/novels using Advanced Google Book Search","Use Google Book Search to find 60 time stamps in novels and narrative nonfiction and report author, title, sentences, create a bitly link and image source URL","data collection, books, google search, time stamps","$0.20","Sat Mar 01 23:11:04 GMT 2014","1","BatchId:1437771;","420","172800","Sat Mar 08 23:11:04 GMT 2014","","","2A4OK2JE1M7U5NKFLBXOAAC09URVOK","A2SD7GN80U31GW","Approved","Sun Mar 02 00:36:58 GMT 2014","Sun Mar 02 00:37:58 GMT 2014","Mon Mar 03 16:37:58 PST 2014","Sun Mar 02 07:32:12 PST 2014","","","60","100% (161/161)","100% (161/161)","100% (1/1)","7:55","https://www.diigo.com/item/p/qqpcbpqzcaasoposbzbcspqpcs","https://www.diigo.com/item/p/qqpcbpqzcabepbasqzbdaaascc","William Maxwell","http://bit.ly/1jJf6TT","There is also a Statler in Detroit much larger and they are building one at the present time in St. Louis & N.Y. After a good nights rest we took the train at 7:55 a.m. to Detroit, it was snowing hard when we left Buffalo. When we reached Niagara ...","Ancestors: A Family History"
"2CEAVKI62NJVN4IWTO0QS6BKM2CSKF","2KZXBAT2D5NVJQG9X5RJR5TYMOU62I","Find time stamps in narrative books/novels using Advanced Google Book Search","Use Google Book Search to find 60 time stamps in novels and narrative nonfiction and report author, title, sentences, create a bitly link and image source URL","data collection, books, google search, time stamps","$0.20","Sat Mar 01 23:11:04 GMT 2014","1","BatchId:1437771;","420","172800","Sat Mar 08 23:11:04 GMT 2014","","","2KNKI62NJQ26S5A33586MKLC0N5UMH","A2SD7GN80U31GW","Approved","Sun Mar 02 02:22:55 GMT 2014","Sun Mar 02 02:25:05 GMT 2014","Mon Mar 03 18:25:05 PST 2014","Sun Mar 02 07:32:13 PST 2014","","","130","100% (161/161)","100% (161/161)","100% (1/1)","7:57","https://www.diigo.com/item/p/qqpcbpqzcaasoposbzbcspqpcs","https://www.diigo.com/item/p/qqpcbpqzcabepbasqzbdaaascc","Mark Updegrove","http://bit.ly/1jJooPF","... his government not to preempt. \Vell, of course, they went ahead and preempted. At 7:57 a.m., after talking by phone to Rostow, Rusk, and George Christian, and approving a message for Soviet foreign minister Andrei Gromyko urging ...","Indomitable Will: LBJ in the Presidency"